2025-02-17 18:19:41,722 [Worker-0: Loading available Gradle versions] INFO  o.e.b.c.i.u.g.PublishedGradleVersions - Gradle version information cache is not available. Remote download required.
2025-02-17 18:27:47,422 [Worker-0: Loading available Gradle versions] INFO  o.e.b.c.i.u.g.PublishedGradleVersions - Gradle version information cache is up-to-date. Trying to read.
2025-02-17 18:34:41,859 [Worker-15: Launching AutoCounselApplication] INFO  o.a.m.s.f.DefaultMavenResourcesFiltering - Copying 1 resource from src\main\resources to target\classes
2025-02-17 18:34:41,912 [Worker-15: Launching AutoCounselApplication] INFO  o.a.m.s.f.DefaultMavenResourcesFiltering - Copying 76 resources from src\main\resources to target\classes
2025-02-17 18:34:42,194 [Worker-15: Launching AutoCounselApplication] INFO  o.a.m.s.f.DefaultMavenResourcesFiltering - Copying 0 resource from src\test\resources to target\test-classes
2025-02-17 18:35:39,983 [Worker-15: Building] INFO  o.a.m.s.f.DefaultMavenResourcesFiltering - Copying 1 resource from src\main\resources to target\classes
2025-02-17 18:35:40,051 [Worker-15: Building] INFO  o.a.m.s.f.DefaultMavenResourcesFiltering - Copying 0 resource from src\main\resources to target\classes
2025-02-17 18:35:40,060 [Worker-15: Building] INFO  o.a.m.s.f.DefaultMavenResourcesFiltering - Copying 0 resource from src\test\resources to target\test-classes
2025-02-17 18:35:50,317 [Worker-15: Building] INFO  o.a.m.s.f.DefaultMavenResourcesFiltering - Copying 1 resource from src\main\resources to target\classes
2025-02-17 18:35:50,356 [Worker-15: Building] INFO  o.a.m.s.f.DefaultMavenResourcesFiltering - Copying 76 resources from src\main\resources to target\classes
2025-02-17 18:35:50,436 [Worker-15: Building] INFO  o.a.m.s.f.DefaultMavenResourcesFiltering - Copying 0 resource from src\test\resources to target\test-classes
2025-02-18 12:14:50,653 [Worker-0: Loading available Gradle versions] INFO  o.e.b.c.i.u.g.PublishedGradleVersions - Gradle version information cache is up-to-date. Trying to read.
2025-02-18 12:18:32,011 [Worker-3: Launching AutoCounselApplication] INFO  o.a.m.s.f.DefaultMavenResourcesFiltering - Copying 1 resource from src\main\resources to target\classes
2025-02-18 12:18:32,100 [Worker-3: Launching AutoCounselApplication] INFO  o.a.m.s.f.DefaultMavenResourcesFiltering - Copying 76 resources from src\main\resources to target\classes
2025-02-18 12:18:32,361 [Worker-3: Launching AutoCounselApplication] INFO  o.a.m.s.f.DefaultMavenResourcesFiltering - Copying 0 resource from src\test\resources to target\test-classes
2025-02-18 12:46:35,467 [Worker-14: Building] INFO  o.a.m.s.f.DefaultMavenResourcesFiltering - Copying 1 resource from src\main\resources to target\classes
2025-02-18 12:46:35,531 [Worker-14: Building] INFO  o.a.m.s.f.DefaultMavenResourcesFiltering - Copying 76 resources from src\main\resources to target\classes
2025-02-18 12:46:35,583 [Worker-14: Building] INFO  o.a.m.s.f.DefaultMavenResourcesFiltering - Copying 0 resource from src\test\resources to target\test-classes
2025-02-18 13:04:17,151 [Worker-13: Building] INFO  o.a.m.s.f.DefaultMavenResourcesFiltering - Copying 1 resource from src\main\resources to target\classes
2025-02-18 13:04:17,213 [Worker-13: Building] INFO  o.a.m.s.f.DefaultMavenResourcesFiltering - Copying 0 resource from src\main\resources to target\classes
2025-02-18 13:04:17,223 [Worker-13: Building] INFO  o.a.m.s.f.DefaultMavenResourcesFiltering - Copying 0 resource from src\test\resources to target\test-classes
2025-02-18 13:08:15,516 [Worker-13: Building] INFO  o.a.m.s.f.DefaultMavenResourcesFiltering - Copying 0 resource from src\main\resources to target\classes
2025-02-18 13:08:15,533 [Worker-13: Building] INFO  o.a.m.s.f.DefaultMavenResourcesFiltering - Copying 0 resource from src\main\resources to target\classes
2025-02-18 13:08:15,539 [Worker-13: Building] INFO  o.a.m.s.f.DefaultMavenResourcesFiltering - Copying 0 resource from src\test\resources to target\test-classes
2025-02-18 13:08:18,826 [Worker-13: Building] INFO  o.a.m.s.f.DefaultMavenResourcesFiltering - Copying 1 resource from src\main\resources to target\classes
2025-02-18 13:08:18,852 [Worker-13: Building] INFO  o.a.m.s.f.DefaultMavenResourcesFiltering - Copying 76 resources from src\main\resources to target\classes
2025-02-18 13:08:18,934 [Worker-13: Building] INFO  o.a.m.s.f.DefaultMavenResourcesFiltering - Copying 0 resource from src\test\resources to target\test-classes
2025-02-18 14:01:41,689 [Worker-3: Building] INFO  o.a.m.s.f.DefaultMavenResourcesFiltering - Copying 1 resource from src\main\resources to target\classes
2025-02-18 14:01:41,718 [Worker-3: Building] INFO  o.a.m.s.f.DefaultMavenResourcesFiltering - Copying 76 resources from src\main\resources to target\classes
2025-02-18 14:01:41,814 [Worker-3: Building] INFO  o.a.m.s.f.DefaultMavenResourcesFiltering - Copying 0 resource from src\test\resources to target\test-classes
2025-02-18 14:02:35,721 [Worker-13: Building] INFO  o.a.m.s.f.DefaultMavenResourcesFiltering - Copying 1 resource from src\main\resources to target\classes
2025-02-18 14:02:35,745 [Worker-13: Building] INFO  o.a.m.s.f.DefaultMavenResourcesFiltering - Copying 76 resources from src\main\resources to target\classes
2025-02-18 14:02:35,862 [Worker-13: Building] INFO  o.a.m.s.f.DefaultMavenResourcesFiltering - Copying 0 resource from src\test\resources to target\test-classes
2025-02-18 14:02:38,739 [Worker-14: Building] INFO  o.a.m.s.f.DefaultMavenResourcesFiltering - Copying 1 resource from src\main\resources to target\classes
2025-02-18 14:02:38,758 [Worker-14: Building] INFO  o.a.m.s.f.DefaultMavenResourcesFiltering - Copying 76 resources from src\main\resources to target\classes
2025-02-18 14:02:38,872 [Worker-14: Building] INFO  o.a.m.s.f.DefaultMavenResourcesFiltering - Copying 0 resource from src\test\resources to target\test-classes
2025-02-18 14:03:43,492 [Worker-3: Building] INFO  o.a.m.s.f.DefaultMavenResourcesFiltering - Copying 1 resource from src\main\resources to target\classes
2025-02-18 14:03:43,511 [Worker-3: Building] INFO  o.a.m.s.f.DefaultMavenResourcesFiltering - Copying 76 resources from src\main\resources to target\classes
2025-02-18 14:03:43,601 [Worker-3: Building] INFO  o.a.m.s.f.DefaultMavenResourcesFiltering - Copying 0 resource from src\test\resources to target\test-classes
2025-02-18 14:09:30,984 [Worker-14: Building] INFO  o.a.m.s.f.DefaultMavenResourcesFiltering - Copying 1 resource from src\main\resources to target\classes
2025-02-18 14:09:31,008 [Worker-14: Building] INFO  o.a.m.s.f.DefaultMavenResourcesFiltering - Copying 76 resources from src\main\resources to target\classes
2025-02-18 14:09:31,056 [Worker-14: Building] INFO  o.a.m.s.f.DefaultMavenResourcesFiltering - Copying 0 resource from src\test\resources to target\test-classes
2025-02-18 14:37:50,034 [Worker-2: Building] INFO  o.a.m.s.f.DefaultMavenResourcesFiltering - Copying 1 resource from src\main\resources to target\classes
2025-02-18 14:37:50,074 [Worker-2: Building] INFO  o.a.m.s.f.DefaultMavenResourcesFiltering - Copying 76 resources from src\main\resources to target\classes
2025-02-18 14:37:50,121 [Worker-2: Building] INFO  o.a.m.s.f.DefaultMavenResourcesFiltering - Copying 0 resource from src\test\resources to target\test-classes
2025-02-18 14:39:37,853 [Worker-2: Building] INFO  o.a.m.s.f.DefaultMavenResourcesFiltering - Copying 1 resource from src\main\resources to target\classes
2025-02-18 14:39:37,876 [Worker-2: Building] INFO  o.a.m.s.f.DefaultMavenResourcesFiltering - Copying 76 resources from src\main\resources to target\classes
2025-02-18 14:39:37,937 [Worker-2: Building] INFO  o.a.m.s.f.DefaultMavenResourcesFiltering - Copying 0 resource from src\test\resources to target\test-classes
2025-02-18 14:44:24,315 [Worker-16: Building] INFO  o.a.m.s.f.DefaultMavenResourcesFiltering - Copying 1 resource from src\main\resources to target\classes
2025-02-18 14:44:24,338 [Worker-16: Building] INFO  o.a.m.s.f.DefaultMavenResourcesFiltering - Copying 76 resources from src\main\resources to target\classes
2025-02-18 14:44:24,393 [Worker-16: Building] INFO  o.a.m.s.f.DefaultMavenResourcesFiltering - Copying 0 resource from src\test\resources to target\test-classes
2025-02-18 14:45:30,115 [Worker-16: Building] INFO  o.a.m.s.f.DefaultMavenResourcesFiltering - Copying 1 resource from src\main\resources to target\classes
2025-02-18 14:45:30,140 [Worker-16: Building] INFO  o.a.m.s.f.DefaultMavenResourcesFiltering - Copying 76 resources from src\main\resources to target\classes
2025-02-18 14:45:30,221 [Worker-16: Building] INFO  o.a.m.s.f.DefaultMavenResourcesFiltering - Copying 0 resource from src\test\resources to target\test-classes
2025-02-18 14:50:56,166 [Worker-16: Building] INFO  o.a.m.s.f.DefaultMavenResourcesFiltering - Copying 1 resource from src\main\resources to target\classes
2025-02-18 14:50:56,180 [Worker-16: Building] INFO  o.a.m.s.f.DefaultMavenResourcesFiltering - Copying 76 resources from src\main\resources to target\classes
2025-02-18 14:50:56,232 [Worker-16: Building] INFO  o.a.m.s.f.DefaultMavenResourcesFiltering - Copying 0 resource from src\test\resources to target\test-classes
2025-02-18 14:53:39,729 [Worker-16: Building] INFO  o.a.m.s.f.DefaultMavenResourcesFiltering - Copying 1 resource from src\main\resources to target\classes
2025-02-18 14:53:39,750 [Worker-16: Building] INFO  o.a.m.s.f.DefaultMavenResourcesFiltering - Copying 76 resources from src\main\resources to target\classes
2025-02-18 14:53:39,808 [Worker-16: Building] INFO  o.a.m.s.f.DefaultMavenResourcesFiltering - Copying 0 resource from src\test\resources to target\test-classes
2025-02-18 14:53:49,386 [Worker-17: Building] INFO  o.a.m.s.f.DefaultMavenResourcesFiltering - Copying 1 resource from src\main\resources to target\classes
2025-02-18 14:53:49,403 [Worker-17: Building] INFO  o.a.m.s.f.DefaultMavenResourcesFiltering - Copying 76 resources from src\main\resources to target\classes
2025-02-18 14:53:49,463 [Worker-17: Building] INFO  o.a.m.s.f.DefaultMavenResourcesFiltering - Copying 0 resource from src\test\resources to target\test-classes
2025-02-18 14:53:58,842 [Worker-16: Building] INFO  o.a.m.s.f.DefaultMavenResourcesFiltering - Copying 1 resource from src\main\resources to target\classes
2025-02-18 14:53:58,846 [Worker-16: Building] INFO  o.a.m.s.f.DefaultMavenResourcesFiltering - Copying 76 resources from src\main\resources to target\classes
2025-02-18 14:53:59,213 [Worker-16: Building] INFO  o.a.m.s.f.DefaultMavenResourcesFiltering - Copying 0 resource from src\test\resources to target\test-classes
2025-02-18 14:54:50,365 [Worker-15: Updating Maven Project] INFO  o.e.m.c.i.p.ProjectConfigurationManager - Update started
2025-02-18 14:54:59,141 [Worker-15: Updating Maven Project] INFO  o.e.m.c.i.l.LifecycleMappingFactory - Using org.eclipse.m2e.jdt.JarLifecycleMapping lifecycle mapping for MavenProject: com.autoCounsel:auto_counsel:0.0.1-SNAPSHOT @ C:\Users\HP\Desktop\cars\Auto_counsel\auto_counsel\pom.xml.
2025-02-18 14:55:05,283 [Worker-15: Updating Maven Project] INFO  o.e.m.j.i.AbstractJavaProjectConfigurator - Adding source folder /auto_counsel/src/main/java
2025-02-18 14:55:05,289 [Worker-15: Updating Maven Project] INFO  o.e.m.j.i.AbstractJavaProjectConfigurator - Adding resource folder /auto_counsel/src/main/resources
2025-02-18 14:55:05,291 [Worker-15: Updating Maven Project] INFO  o.e.m.j.i.AbstractJavaProjectConfigurator - Adding resource folder /auto_counsel/src/main/resources
2025-02-18 14:55:05,293 [Worker-15: Updating Maven Project] INFO  o.e.m.j.i.AbstractJavaProjectConfigurator - Adding source folder /auto_counsel/src/test/java
2025-02-18 14:55:05,295 [Worker-15: Updating Maven Project] INFO  o.e.m.j.i.AbstractJavaProjectConfigurator - Adding resource folder /auto_counsel/src/test/resources
2025-02-18 14:55:07,284 [Worker-15: Updating Maven Project] INFO  o.e.m.c.i.p.ProjectConfigurationManager - Update completed for 1 poms: local refresh takes 0.00 sec, refresh facades takes 13.00 sec, update config takes 1.00 sec 
2025-02-18 14:55:08,589 [Worker-15: Building] INFO  o.a.m.s.f.DefaultMavenResourcesFiltering - Copying 1 resource from src\main\resources to target\classes
2025-02-18 14:55:08,631 [Worker-15: Building] INFO  o.a.m.s.f.DefaultMavenResourcesFiltering - Copying 76 resources from src\main\resources to target\classes
2025-02-18 14:55:09,306 [Worker-15: Building] INFO  o.a.m.s.f.DefaultMavenResourcesFiltering - Copying 0 resource from src\test\resources to target\test-classes
2025-02-18 14:59:32,425 [Worker-0: Loading available Gradle versions] INFO  o.e.b.c.i.u.g.PublishedGradleVersions - Gradle version information cache is up-to-date. Trying to read.
2025-02-18 15:01:07,022 [Worker-6: Building] INFO  o.a.m.s.f.DefaultMavenResourcesFiltering - Copying 1 resource from src\main\resources to target\classes
2025-02-18 15:01:07,076 [Worker-6: Building] INFO  o.a.m.s.f.DefaultMavenResourcesFiltering - Copying 76 resources from src\main\resources to target\classes
2025-02-18 15:01:07,152 [Worker-6: Building] INFO  o.a.m.s.f.DefaultMavenResourcesFiltering - Copying 0 resource from src\test\resources to target\test-classes
2025-02-18 15:01:11,560 [Worker-1: Building] INFO  o.a.m.s.f.DefaultMavenResourcesFiltering - Copying 1 resource from src\main\resources to target\classes
2025-02-18 15:01:11,597 [Worker-1: Building] INFO  o.a.m.s.f.DefaultMavenResourcesFiltering - Copying 76 resources from src\main\resources to target\classes
2025-02-18 15:01:11,680 [Worker-1: Building] INFO  o.a.m.s.f.DefaultMavenResourcesFiltering - Copying 0 resource from src\test\resources to target\test-classes
2025-02-18 15:03:51,976 [Worker-8: Building] INFO  o.a.m.s.f.DefaultMavenResourcesFiltering - Copying 1 resource from src\main\resources to target\classes
2025-02-18 15:03:52,003 [Worker-8: Building] INFO  o.a.m.s.f.DefaultMavenResourcesFiltering - Copying 76 resources from src\main\resources to target\classes
2025-02-18 15:03:52,075 [Worker-8: Building] INFO  o.a.m.s.f.DefaultMavenResourcesFiltering - Copying 0 resource from src\test\resources to target\test-classes
2025-02-18 15:16:30,660 [Worker-16: Building] INFO  o.a.m.s.f.DefaultMavenResourcesFiltering - Copying 1 resource from src\main\resources to target\classes
2025-02-18 15:16:30,694 [Worker-16: Building] INFO  o.a.m.s.f.DefaultMavenResourcesFiltering - Copying 76 resources from src\main\resources to target\classes
2025-02-18 15:16:30,755 [Worker-16: Building] INFO  o.a.m.s.f.DefaultMavenResourcesFiltering - Copying 0 resource from src\test\resources to target\test-classes
2025-02-18 15:16:50,283 [Worker-19: Building] INFO  o.a.m.s.f.DefaultMavenResourcesFiltering - Copying 0 resource from src\main\resources to target\classes
2025-02-18 15:16:50,306 [Worker-19: Building] INFO  o.a.m.s.f.DefaultMavenResourcesFiltering - Copying 0 resource from src\main\resources to target\classes
2025-02-18 15:16:50,313 [Worker-19: Building] INFO  o.a.m.s.f.DefaultMavenResourcesFiltering - Copying 0 resource from src\test\resources to target\test-classes
2025-02-18 15:21:27,488 [Worker-16: Building] INFO  o.a.m.s.f.DefaultMavenResourcesFiltering - Copying 0 resource from src\main\resources to target\classes
2025-02-18 15:21:27,511 [Worker-16: Building] INFO  o.a.m.s.f.DefaultMavenResourcesFiltering - Copying 0 resource from src\main\resources to target\classes
2025-02-18 15:21:27,519 [Worker-16: Building] INFO  o.a.m.s.f.DefaultMavenResourcesFiltering - Copying 0 resource from src\test\resources to target\test-classes
2025-02-18 15:22:22,879 [Worker-17: Building] INFO  o.a.m.s.f.DefaultMavenResourcesFiltering - Copying 0 resource from src\main\resources to target\classes
2025-02-18 15:22:22,896 [Worker-17: Building] INFO  o.a.m.s.f.DefaultMavenResourcesFiltering - Copying 0 resource from src\main\resources to target\classes
2025-02-18 15:22:22,901 [Worker-17: Building] INFO  o.a.m.s.f.DefaultMavenResourcesFiltering - Copying 0 resource from src\test\resources to target\test-classes
2025-02-18 15:25:30,744 [Worker-19: Building] INFO  o.a.m.s.f.DefaultMavenResourcesFiltering - Copying 0 resource from src\main\resources to target\classes
2025-02-18 15:25:30,766 [Worker-19: Building] INFO  o.a.m.s.f.DefaultMavenResourcesFiltering - Copying 0 resource from src\main\resources to target\classes
2025-02-18 15:25:30,776 [Worker-19: Building] INFO  o.a.m.s.f.DefaultMavenResourcesFiltering - Copying 0 resource from src\test\resources to target\test-classes
2025-02-18 15:26:09,435 [Worker-15: Building] INFO  o.a.m.s.f.DefaultMavenResourcesFiltering - Copying 0 resource from src\main\resources to target\classes
2025-02-18 15:26:09,460 [Worker-15: Building] INFO  o.a.m.s.f.DefaultMavenResourcesFiltering - Copying 0 resource from src\main\resources to target\classes
2025-02-18 15:26:09,467 [Worker-15: Building] INFO  o.a.m.s.f.DefaultMavenResourcesFiltering - Copying 0 resource from src\test\resources to target\test-classes
2025-02-18 15:28:00,219 [Worker-16: Building] INFO  o.a.m.s.f.DefaultMavenResourcesFiltering - Copying 0 resource from src\main\resources to target\classes
2025-02-18 15:28:00,245 [Worker-16: Building] INFO  o.a.m.s.f.DefaultMavenResourcesFiltering - Copying 0 resource from src\main\resources to target\classes
2025-02-18 15:28:00,252 [Worker-16: Building] INFO  o.a.m.s.f.DefaultMavenResourcesFiltering - Copying 0 resource from src\test\resources to target\test-classes
2025-02-18 15:32:38,407 [Worker-8: Building] INFO  o.a.m.s.f.DefaultMavenResourcesFiltering - Copying 0 resource from src\main\resources to target\classes
2025-02-18 15:32:38,426 [Worker-8: Building] INFO  o.a.m.s.f.DefaultMavenResourcesFiltering - Copying 0 resource from src\main\resources to target\classes
2025-02-18 15:32:38,431 [Worker-8: Building] INFO  o.a.m.s.f.DefaultMavenResourcesFiltering - Copying 0 resource from src\test\resources to target\test-classes
2025-02-18 15:35:04,780 [Worker-15: Building] INFO  o.a.m.s.f.DefaultMavenResourcesFiltering - Copying 0 resource from src\main\resources to target\classes
2025-02-18 15:35:04,804 [Worker-15: Building] INFO  o.a.m.s.f.DefaultMavenResourcesFiltering - Copying 0 resource from src\main\resources to target\classes
2025-02-18 15:35:04,811 [Worker-15: Building] INFO  o.a.m.s.f.DefaultMavenResourcesFiltering - Copying 0 resource from src\test\resources to target\test-classes
2025-02-18 15:37:59,537 [Worker-15: Building] INFO  o.a.m.s.f.DefaultMavenResourcesFiltering - Copying 0 resource from src\main\resources to target\classes
2025-02-18 15:37:59,555 [Worker-15: Building] INFO  o.a.m.s.f.DefaultMavenResourcesFiltering - Copying 0 resource from src\main\resources to target\classes
2025-02-18 15:37:59,562 [Worker-15: Building] INFO  o.a.m.s.f.DefaultMavenResourcesFiltering - Copying 0 resource from src\test\resources to target\test-classes
2025-02-18 15:41:26,870 [Worker-15: Building] INFO  o.a.m.s.f.DefaultMavenResourcesFiltering - Copying 0 resource from src\main\resources to target\classes
2025-02-18 15:41:26,890 [Worker-15: Building] INFO  o.a.m.s.f.DefaultMavenResourcesFiltering - Copying 0 resource from src\main\resources to target\classes
2025-02-18 15:41:26,897 [Worker-15: Building] INFO  o.a.m.s.f.DefaultMavenResourcesFiltering - Copying 0 resource from src\test\resources to target\test-classes
2025-02-18 15:42:35,005 [Worker-18: Building] INFO  o.a.m.s.f.DefaultMavenResourcesFiltering - Copying 1 resource from src\main\resources to target\classes
2025-02-18 15:42:35,034 [Worker-18: Building] INFO  o.a.m.s.f.DefaultMavenResourcesFiltering - Copying 76 resources from src\main\resources to target\classes
2025-02-18 15:42:35,122 [Worker-18: Building] INFO  o.a.m.s.f.DefaultMavenResourcesFiltering - Copying 0 resource from src\test\resources to target\test-classes
2025-02-18 15:43:09,352 [Worker-17: Building] INFO  o.a.m.s.f.DefaultMavenResourcesFiltering - Copying 0 resource from src\main\resources to target\classes
2025-02-18 15:43:09,370 [Worker-17: Building] INFO  o.a.m.s.f.DefaultMavenResourcesFiltering - Copying 0 resource from src\main\resources to target\classes
2025-02-18 15:43:09,375 [Worker-17: Building] INFO  o.a.m.s.f.DefaultMavenResourcesFiltering - Copying 0 resource from src\test\resources to target\test-classes
2025-02-18 15:46:56,735 [Worker-19: Building] INFO  o.a.m.s.f.DefaultMavenResourcesFiltering - Copying 1 resource from src\main\resources to target\classes
2025-02-18 15:46:56,776 [Worker-19: Building] INFO  o.a.m.s.f.DefaultMavenResourcesFiltering - Copying 76 resources from src\main\resources to target\classes
2025-02-18 15:46:56,832 [Worker-19: Building] INFO  o.a.m.s.f.DefaultMavenResourcesFiltering - Copying 0 resource from src\test\resources to target\test-classes
2025-02-18 15:50:49,560 [Worker-18: Building] INFO  o.a.m.s.f.DefaultMavenResourcesFiltering - Copying 1 resource from src\main\resources to target\classes
2025-02-18 15:50:49,601 [Worker-18: Building] INFO  o.a.m.s.f.DefaultMavenResourcesFiltering - Copying 76 resources from src\main\resources to target\classes
2025-02-18 15:50:49,663 [Worker-18: Building] INFO  o.a.m.s.f.DefaultMavenResourcesFiltering - Copying 0 resource from src\test\resources to target\test-classes
2025-02-18 15:53:21,105 [Worker-17: Building] INFO  o.e.m.c.i.l.LifecycleMappingFactory - Using org.eclipse.m2e.jdt.JarLifecycleMapping lifecycle mapping for MavenProject: com.autoCounsel:auto_counsel:0.0.1-SNAPSHOT @ C:\Users\HP\Desktop\cars\Auto_counsel\auto_counsel\pom.xml.
2025-02-18 15:53:22,571 [Worker-17: Building] INFO  o.e.m.c.i.e.AbstractTransferListenerAdapter - Downloading https://repo.maven.apache.org/maven2/jakarta/servlet/jsp/jstl/jakarta.servlet.jsp.jstl-api/3.0.2/jakarta.servlet.jsp.jstl-api-3.0.2.pom
2025-02-18 15:53:22,654 [Worker-17: Building] INFO  o.e.m.c.i.e.AbstractTransferListenerAdapter - Downloaded https://repo.maven.apache.org/maven2/jakarta/servlet/jsp/jstl/jakarta.servlet.jsp.jstl-api/3.0.2/jakarta.servlet.jsp.jstl-api-3.0.2.pom
2025-02-18 15:53:22,732 [Worker-17: Building] INFO  o.e.m.c.i.e.AbstractTransferListenerAdapter - Downloading https://repo.maven.apache.org/maven2/jakarta/el/jakarta.el-api/5.0.0/jakarta.el-api-5.0.0.pom
2025-02-18 15:53:22,831 [Worker-17: Building] INFO  o.e.m.c.i.e.AbstractTransferListenerAdapter - Downloaded https://repo.maven.apache.org/maven2/jakarta/el/jakarta.el-api/5.0.0/jakarta.el-api-5.0.0.pom
2025-02-18 15:53:23,143 [Worker-17: Building] INFO  o.e.m.c.i.e.AbstractTransferListenerAdapter - Downloading https://repo.maven.apache.org/maven2/org/glassfish/web/jakarta.servlet.jsp.jstl/3.0.1/jakarta.servlet.jsp.jstl-3.0.1.pom
2025-02-18 15:53:23,246 [Worker-17: Building] INFO  o.e.m.c.i.e.AbstractTransferListenerAdapter - Downloaded https://repo.maven.apache.org/maven2/org/glassfish/web/jakarta.servlet.jsp.jstl/3.0.1/jakarta.servlet.jsp.jstl-3.0.1.pom
2025-02-18 15:53:23,703 [Worker-17: Building] INFO  o.e.m.c.i.e.AbstractTransferListenerAdapter - Downloading https://repo.maven.apache.org/maven2/jakarta/servlet/jsp/jstl/jakarta.servlet.jsp.jstl-api/3.0.2/jakarta.servlet.jsp.jstl-api-3.0.2.jar
2025-02-18 15:53:24,698 [Worker-17: Building] INFO  o.e.m.c.i.e.AbstractTransferListenerAdapter - Downloaded https://repo.maven.apache.org/maven2/jakarta/servlet/jsp/jstl/jakarta.servlet.jsp.jstl-api/3.0.2/jakarta.servlet.jsp.jstl-api-3.0.2.jar
2025-02-18 15:53:24,719 [BasicRepositoryConnector-repo.maven.apache.org-0-0] INFO  o.e.m.c.i.e.AbstractTransferListenerAdapter - Downloading https://repo.maven.apache.org/maven2/jakarta/el/jakarta.el-api/5.0.0/jakarta.el-api-5.0.0.jar
2025-02-18 15:53:24,804 [BasicRepositoryConnector-repo.maven.apache.org-0-1] INFO  o.e.m.c.i.e.AbstractTransferListenerAdapter - Downloading https://repo.maven.apache.org/maven2/org/glassfish/web/jakarta.servlet.jsp.jstl/3.0.1/jakarta.servlet.jsp.jstl-3.0.1.jar
2025-02-18 15:53:24,860 [BasicRepositoryConnector-repo.maven.apache.org-0-0] INFO  o.e.m.c.i.e.AbstractTransferListenerAdapter - Downloaded https://repo.maven.apache.org/maven2/jakarta/el/jakarta.el-api/5.0.0/jakarta.el-api-5.0.0.jar
2025-02-18 15:53:25,934 [BasicRepositoryConnector-repo.maven.apache.org-0-1] INFO  o.e.m.c.i.e.AbstractTransferListenerAdapter - Downloaded https://repo.maven.apache.org/maven2/org/glassfish/web/jakarta.servlet.jsp.jstl/3.0.1/jakarta.servlet.jsp.jstl-3.0.1.jar
2025-02-18 15:53:27,226 [Worker-17: Building] INFO  o.a.m.s.f.DefaultMavenResourcesFiltering - Copying 0 resource from src\main\resources to target\classes
2025-02-18 15:53:27,264 [Worker-17: Building] INFO  o.a.m.s.f.DefaultMavenResourcesFiltering - Copying 0 resource from src\main\resources to target\classes
2025-02-18 15:53:27,275 [Worker-17: Building] INFO  o.a.m.s.f.DefaultMavenResourcesFiltering - Copying 0 resource from src\test\resources to target\test-classes
2025-02-18 15:53:27,883 [Worker-15: Download sources and javadoc] INFO  o.e.m.c.i.e.AbstractTransferListenerAdapter - Downloading https://repo.maven.apache.org/maven2/jakarta/servlet/jsp/jstl/jakarta.servlet.jsp.jstl-api/3.0.2/jakarta.servlet.jsp.jstl-api-3.0.2-sources.jar
2025-02-18 15:53:27,990 [Worker-15: Download sources and javadoc] INFO  o.e.m.c.i.e.AbstractTransferListenerAdapter - Downloaded https://repo.maven.apache.org/maven2/jakarta/servlet/jsp/jstl/jakarta.servlet.jsp.jstl-api/3.0.2/jakarta.servlet.jsp.jstl-api-3.0.2-sources.jar
2025-02-18 15:53:28,001 [Worker-15: Download sources and javadoc] INFO  o.e.m.j.internal.DownloadSourcesJob - Downloaded sources for jakarta.servlet.jsp.jstl:jakarta.servlet.jsp.jstl-api:3.0.2
2025-02-18 15:53:28,100 [Worker-15: Download sources and javadoc] INFO  o.e.m.c.i.e.AbstractTransferListenerAdapter - Downloading https://repo.maven.apache.org/maven2/jakarta/el/jakarta.el-api/5.0.0/jakarta.el-api-5.0.0-sources.jar
2025-02-18 15:53:28,217 [Worker-15: Download sources and javadoc] INFO  o.e.m.c.i.e.AbstractTransferListenerAdapter - Downloaded https://repo.maven.apache.org/maven2/jakarta/el/jakarta.el-api/5.0.0/jakarta.el-api-5.0.0-sources.jar
2025-02-18 15:53:28,225 [Worker-15: Download sources and javadoc] INFO  o.e.m.j.internal.DownloadSourcesJob - Downloaded sources for jakarta.el:jakarta.el-api:5.0.0
2025-02-18 15:53:28,323 [Worker-15: Download sources and javadoc] INFO  o.e.m.c.i.e.AbstractTransferListenerAdapter - Downloading https://repo.maven.apache.org/maven2/org/glassfish/web/jakarta.servlet.jsp.jstl/3.0.1/jakarta.servlet.jsp.jstl-3.0.1-sources.jar
2025-02-18 15:53:28,535 [Worker-15: Download sources and javadoc] INFO  o.e.m.c.i.e.AbstractTransferListenerAdapter - Downloaded https://repo.maven.apache.org/maven2/org/glassfish/web/jakarta.servlet.jsp.jstl/3.0.1/jakarta.servlet.jsp.jstl-3.0.1-sources.jar
2025-02-18 15:53:28,542 [Worker-15: Download sources and javadoc] INFO  o.e.m.j.internal.DownloadSourcesJob - Downloaded sources for org.glassfish.web:jakarta.servlet.jsp.jstl:3.0.1
2025-02-18 15:53:32,611 [Worker-15: Building] INFO  o.a.m.s.f.DefaultMavenResourcesFiltering - Copying 1 resource from src\main\resources to target\classes
2025-02-18 15:53:32,715 [Worker-15: Building] INFO  o.a.m.s.f.DefaultMavenResourcesFiltering - Copying 76 resources from src\main\resources to target\classes
2025-02-18 15:53:33,985 [Worker-15: Building] INFO  o.a.m.s.f.DefaultMavenResourcesFiltering - Copying 0 resource from src\test\resources to target\test-classes
2025-02-18 15:55:08,069 [Worker-20: Building] INFO  o.a.m.s.f.DefaultMavenResourcesFiltering - Copying 0 resource from src\main\resources to target\classes
2025-02-18 15:55:08,095 [Worker-20: Building] INFO  o.a.m.s.f.DefaultMavenResourcesFiltering - Copying 0 resource from src\main\resources to target\classes
2025-02-18 15:55:08,102 [Worker-20: Building] INFO  o.a.m.s.f.DefaultMavenResourcesFiltering - Copying 0 resource from src\test\resources to target\test-classes
2025-02-18 15:55:49,428 [Worker-15: Building] INFO  o.a.m.s.f.DefaultMavenResourcesFiltering - Copying 0 resource from src\main\resources to target\classes
2025-02-18 15:55:49,445 [Worker-15: Building] INFO  o.a.m.s.f.DefaultMavenResourcesFiltering - Copying 0 resource from src\main\resources to target\classes
2025-02-18 15:55:49,450 [Worker-15: Building] INFO  o.a.m.s.f.DefaultMavenResourcesFiltering - Copying 0 resource from src\test\resources to target\test-classes
2025-02-18 15:58:16,210 [Worker-20: Building] INFO  o.a.m.s.f.DefaultMavenResourcesFiltering - Copying 1 resource from src\main\resources to target\classes
2025-02-18 15:58:16,232 [Worker-20: Building] INFO  o.a.m.s.f.DefaultMavenResourcesFiltering - Copying 76 resources from src\main\resources to target\classes
2025-02-18 15:58:16,286 [Worker-20: Building] INFO  o.a.m.s.f.DefaultMavenResourcesFiltering - Copying 0 resource from src\test\resources to target\test-classes
2025-02-18 15:58:33,959 [Worker-20: Building] INFO  o.a.m.s.f.DefaultMavenResourcesFiltering - Copying 0 resource from src\main\resources to target\classes
2025-02-18 15:58:33,976 [Worker-20: Building] INFO  o.a.m.s.f.DefaultMavenResourcesFiltering - Copying 0 resource from src\main\resources to target\classes
2025-02-18 15:58:33,981 [Worker-20: Building] INFO  o.a.m.s.f.DefaultMavenResourcesFiltering - Copying 0 resource from src\test\resources to target\test-classes
2025-02-18 15:59:15,110 [Worker-18: Building] INFO  o.a.m.s.f.DefaultMavenResourcesFiltering - Copying 0 resource from src\main\resources to target\classes
2025-02-18 15:59:15,134 [Worker-18: Building] INFO  o.a.m.s.f.DefaultMavenResourcesFiltering - Copying 0 resource from src\main\resources to target\classes
2025-02-18 15:59:15,140 [Worker-18: Building] INFO  o.a.m.s.f.DefaultMavenResourcesFiltering - Copying 0 resource from src\test\resources to target\test-classes
2025-02-18 16:00:48,803 [Worker-15: Building] INFO  o.a.m.s.f.DefaultMavenResourcesFiltering - Copying 0 resource from src\main\resources to target\classes
2025-02-18 16:00:48,821 [Worker-15: Building] INFO  o.a.m.s.f.DefaultMavenResourcesFiltering - Copying 0 resource from src\main\resources to target\classes
2025-02-18 16:00:48,827 [Worker-15: Building] INFO  o.a.m.s.f.DefaultMavenResourcesFiltering - Copying 0 resource from src\test\resources to target\test-classes
2025-02-18 16:01:22,928 [Worker-15: Building] INFO  o.a.m.s.f.DefaultMavenResourcesFiltering - Copying 0 resource from src\main\resources to target\classes
2025-02-18 16:01:22,945 [Worker-15: Building] INFO  o.a.m.s.f.DefaultMavenResourcesFiltering - Copying 0 resource from src\main\resources to target\classes
2025-02-18 16:01:22,950 [Worker-15: Building] INFO  o.a.m.s.f.DefaultMavenResourcesFiltering - Copying 0 resource from src\test\resources to target\test-classes
2025-02-18 16:02:18,516 [Worker-17: Building] INFO  o.a.m.s.f.DefaultMavenResourcesFiltering - Copying 0 resource from src\main\resources to target\classes
2025-02-18 16:02:18,532 [Worker-17: Building] INFO  o.a.m.s.f.DefaultMavenResourcesFiltering - Copying 0 resource from src\main\resources to target\classes
2025-02-18 16:02:18,537 [Worker-17: Building] INFO  o.a.m.s.f.DefaultMavenResourcesFiltering - Copying 0 resource from src\test\resources to target\test-classes
2025-02-18 16:02:30,137 [Worker-20: Building] INFO  o.a.m.s.f.DefaultMavenResourcesFiltering - Copying 0 resource from src\main\resources to target\classes
2025-02-18 16:02:30,157 [Worker-20: Building] INFO  o.a.m.s.f.DefaultMavenResourcesFiltering - Copying 0 resource from src\main\resources to target\classes
2025-02-18 16:02:30,163 [Worker-20: Building] INFO  o.a.m.s.f.DefaultMavenResourcesFiltering - Copying 0 resource from src\test\resources to target\test-classes
2025-02-18 16:02:43,857 [Worker-16: Building] INFO  o.a.m.s.f.DefaultMavenResourcesFiltering - Copying 0 resource from src\main\resources to target\classes
2025-02-18 16:02:43,874 [Worker-16: Building] INFO  o.a.m.s.f.DefaultMavenResourcesFiltering - Copying 0 resource from src\main\resources to target\classes
2025-02-18 16:02:43,879 [Worker-16: Building] INFO  o.a.m.s.f.DefaultMavenResourcesFiltering - Copying 0 resource from src\test\resources to target\test-classes
2025-02-18 16:03:53,188 [Worker-14: Building] INFO  o.a.m.s.f.DefaultMavenResourcesFiltering - Copying 1 resource from src\main\resources to target\classes
2025-02-18 16:03:53,211 [Worker-14: Building] INFO  o.a.m.s.f.DefaultMavenResourcesFiltering - Copying 76 resources from src\main\resources to target\classes
2025-02-18 16:03:53,273 [Worker-14: Building] INFO  o.a.m.s.f.DefaultMavenResourcesFiltering - Copying 0 resource from src\test\resources to target\test-classes
2025-02-18 16:06:53,759 [Worker-15: Building] INFO  o.a.m.s.f.DefaultMavenResourcesFiltering - Copying 0 resource from src\main\resources to target\classes
2025-02-18 16:06:53,777 [Worker-15: Building] INFO  o.a.m.s.f.DefaultMavenResourcesFiltering - Copying 0 resource from src\main\resources to target\classes
2025-02-18 16:06:53,783 [Worker-15: Building] INFO  o.a.m.s.f.DefaultMavenResourcesFiltering - Copying 0 resource from src\test\resources to target\test-classes
2025-02-18 16:07:29,926 [Worker-17: Building] INFO  o.a.m.s.f.DefaultMavenResourcesFiltering - Copying 0 resource from src\main\resources to target\classes
2025-02-18 16:07:29,949 [Worker-17: Building] INFO  o.a.m.s.f.DefaultMavenResourcesFiltering - Copying 0 resource from src\main\resources to target\classes
2025-02-18 16:07:29,956 [Worker-17: Building] INFO  o.a.m.s.f.DefaultMavenResourcesFiltering - Copying 0 resource from src\test\resources to target\test-classes
2025-02-18 16:08:31,542 [Worker-18: Building] INFO  o.a.m.s.f.DefaultMavenResourcesFiltering - Copying 0 resource from src\main\resources to target\classes
2025-02-18 16:08:31,560 [Worker-18: Building] INFO  o.a.m.s.f.DefaultMavenResourcesFiltering - Copying 0 resource from src\main\resources to target\classes
2025-02-18 16:08:31,565 [Worker-18: Building] INFO  o.a.m.s.f.DefaultMavenResourcesFiltering - Copying 0 resource from src\test\resources to target\test-classes
2025-02-18 16:08:41,618 [Worker-17: Building] INFO  o.a.m.s.f.DefaultMavenResourcesFiltering - Copying 0 resource from src\main\resources to target\classes
2025-02-18 16:08:41,642 [Worker-17: Building] INFO  o.a.m.s.f.DefaultMavenResourcesFiltering - Copying 0 resource from src\main\resources to target\classes
2025-02-18 16:08:41,649 [Worker-17: Building] INFO  o.a.m.s.f.DefaultMavenResourcesFiltering - Copying 0 resource from src\test\resources to target\test-classes
2025-02-18 16:08:52,757 [Worker-20: Building] INFO  o.a.m.s.f.DefaultMavenResourcesFiltering - Copying 0 resource from src\main\resources to target\classes
2025-02-18 16:08:52,773 [Worker-20: Building] INFO  o.a.m.s.f.DefaultMavenResourcesFiltering - Copying 0 resource from src\main\resources to target\classes
2025-02-18 16:08:52,778 [Worker-20: Building] INFO  o.a.m.s.f.DefaultMavenResourcesFiltering - Copying 0 resource from src\test\resources to target\test-classes
2025-02-18 16:10:29,685 [Worker-16: Building] INFO  o.a.m.s.f.DefaultMavenResourcesFiltering - Copying 0 resource from src\main\resources to target\classes
2025-02-18 16:10:29,702 [Worker-16: Building] INFO  o.a.m.s.f.DefaultMavenResourcesFiltering - Copying 0 resource from src\main\resources to target\classes
2025-02-18 16:10:29,707 [Worker-16: Building] INFO  o.a.m.s.f.DefaultMavenResourcesFiltering - Copying 0 resource from src\test\resources to target\test-classes
2025-02-18 16:16:24,532 [Worker-15: Building] INFO  o.a.m.s.f.DefaultMavenResourcesFiltering - Copying 0 resource from src\main\resources to target\classes
2025-02-18 16:16:24,549 [Worker-15: Building] INFO  o.a.m.s.f.DefaultMavenResourcesFiltering - Copying 0 resource from src\main\resources to target\classes
2025-02-18 16:16:24,554 [Worker-15: Building] INFO  o.a.m.s.f.DefaultMavenResourcesFiltering - Copying 0 resource from src\test\resources to target\test-classes
2025-02-18 16:17:10,443 [Worker-20: Building] INFO  o.a.m.s.f.DefaultMavenResourcesFiltering - Copying 0 resource from src\main\resources to target\classes
2025-02-18 16:17:10,467 [Worker-20: Building] INFO  o.a.m.s.f.DefaultMavenResourcesFiltering - Copying 0 resource from src\main\resources to target\classes
2025-02-18 16:17:10,473 [Worker-20: Building] INFO  o.a.m.s.f.DefaultMavenResourcesFiltering - Copying 0 resource from src\test\resources to target\test-classes
2025-02-18 16:18:58,406 [Worker-16: Building] INFO  o.a.m.s.f.DefaultMavenResourcesFiltering - Copying 0 resource from src\main\resources to target\classes
2025-02-18 16:18:58,429 [Worker-16: Building] INFO  o.a.m.s.f.DefaultMavenResourcesFiltering - Copying 0 resource from src\main\resources to target\classes
2025-02-18 16:18:58,435 [Worker-16: Building] INFO  o.a.m.s.f.DefaultMavenResourcesFiltering - Copying 0 resource from src\test\resources to target\test-classes
2025-02-18 16:19:34,788 [Worker-18: Building] INFO  o.a.m.s.f.DefaultMavenResourcesFiltering - Copying 0 resource from src\main\resources to target\classes
2025-02-18 16:19:34,811 [Worker-18: Building] INFO  o.a.m.s.f.DefaultMavenResourcesFiltering - Copying 0 resource from src\main\resources to target\classes
2025-02-18 16:19:34,819 [Worker-18: Building] INFO  o.a.m.s.f.DefaultMavenResourcesFiltering - Copying 0 resource from src\test\resources to target\test-classes
2025-02-18 16:20:07,734 [Worker-15: Building] INFO  o.a.m.s.f.DefaultMavenResourcesFiltering - Copying 0 resource from src\main\resources to target\classes
2025-02-18 16:20:07,763 [Worker-15: Building] INFO  o.a.m.s.f.DefaultMavenResourcesFiltering - Copying 0 resource from src\main\resources to target\classes
2025-02-18 16:20:07,771 [Worker-15: Building] INFO  o.a.m.s.f.DefaultMavenResourcesFiltering - Copying 0 resource from src\test\resources to target\test-classes
2025-02-18 16:22:40,118 [Worker-17: Building] INFO  o.a.m.s.f.DefaultMavenResourcesFiltering - Copying 0 resource from src\main\resources to target\classes
2025-02-18 16:22:40,137 [Worker-17: Building] INFO  o.a.m.s.f.DefaultMavenResourcesFiltering - Copying 0 resource from src\main\resources to target\classes
2025-02-18 16:22:40,144 [Worker-17: Building] INFO  o.a.m.s.f.DefaultMavenResourcesFiltering - Copying 0 resource from src\test\resources to target\test-classes
2025-02-18 16:24:19,178 [Worker-15: Building] INFO  o.a.m.s.f.DefaultMavenResourcesFiltering - Copying 0 resource from src\main\resources to target\classes
2025-02-18 16:24:19,196 [Worker-15: Building] INFO  o.a.m.s.f.DefaultMavenResourcesFiltering - Copying 0 resource from src\main\resources to target\classes
2025-02-18 16:24:19,201 [Worker-15: Building] INFO  o.a.m.s.f.DefaultMavenResourcesFiltering - Copying 0 resource from src\test\resources to target\test-classes
2025-02-18 16:24:52,355 [Worker-17: Building] INFO  o.a.m.s.f.DefaultMavenResourcesFiltering - Copying 0 resource from src\main\resources to target\classes
2025-02-18 16:24:52,372 [Worker-17: Building] INFO  o.a.m.s.f.DefaultMavenResourcesFiltering - Copying 0 resource from src\main\resources to target\classes
2025-02-18 16:24:52,377 [Worker-17: Building] INFO  o.a.m.s.f.DefaultMavenResourcesFiltering - Copying 0 resource from src\test\resources to target\test-classes
2025-02-18 16:25:58,822 [Worker-19: Building] INFO  o.a.m.s.f.DefaultMavenResourcesFiltering - Copying 0 resource from src\main\resources to target\classes
2025-02-18 16:25:58,839 [Worker-19: Building] INFO  o.a.m.s.f.DefaultMavenResourcesFiltering - Copying 0 resource from src\main\resources to target\classes
2025-02-18 16:25:58,844 [Worker-19: Building] INFO  o.a.m.s.f.DefaultMavenResourcesFiltering - Copying 0 resource from src\test\resources to target\test-classes
2025-02-18 16:26:31,393 [Worker-20: Building] INFO  o.a.m.s.f.DefaultMavenResourcesFiltering - Copying 0 resource from src\main\resources to target\classes
2025-02-18 16:26:31,409 [Worker-20: Building] INFO  o.a.m.s.f.DefaultMavenResourcesFiltering - Copying 0 resource from src\main\resources to target\classes
2025-02-18 16:26:31,413 [Worker-20: Building] INFO  o.a.m.s.f.DefaultMavenResourcesFiltering - Copying 0 resource from src\test\resources to target\test-classes
2025-02-18 16:27:40,062 [Worker-15: Building] INFO  o.a.m.s.f.DefaultMavenResourcesFiltering - Copying 0 resource from src\main\resources to target\classes
2025-02-18 16:27:40,081 [Worker-15: Building] INFO  o.a.m.s.f.DefaultMavenResourcesFiltering - Copying 0 resource from src\main\resources to target\classes
2025-02-18 16:27:40,086 [Worker-15: Building] INFO  o.a.m.s.f.DefaultMavenResourcesFiltering - Copying 0 resource from src\test\resources to target\test-classes
2025-02-18 16:27:53,761 [Worker-20: Building] INFO  o.a.m.s.f.DefaultMavenResourcesFiltering - Copying 0 resource from src\main\resources to target\classes
2025-02-18 16:27:53,778 [Worker-20: Building] INFO  o.a.m.s.f.DefaultMavenResourcesFiltering - Copying 0 resource from src\main\resources to target\classes
2025-02-18 16:27:53,782 [Worker-20: Building] INFO  o.a.m.s.f.DefaultMavenResourcesFiltering - Copying 0 resource from src\test\resources to target\test-classes
2025-02-18 16:28:22,675 [Worker-17: Building] INFO  o.a.m.s.f.DefaultMavenResourcesFiltering - Copying 0 resource from src\main\resources to target\classes
2025-02-18 16:28:22,695 [Worker-17: Building] INFO  o.a.m.s.f.DefaultMavenResourcesFiltering - Copying 0 resource from src\main\resources to target\classes
2025-02-18 16:28:22,700 [Worker-17: Building] INFO  o.a.m.s.f.DefaultMavenResourcesFiltering - Copying 0 resource from src\test\resources to target\test-classes
2025-02-18 16:29:42,103 [Worker-15: Building] INFO  o.a.m.s.f.DefaultMavenResourcesFiltering - Copying 0 resource from src\main\resources to target\classes
2025-02-18 16:29:42,124 [Worker-15: Building] INFO  o.a.m.s.f.DefaultMavenResourcesFiltering - Copying 0 resource from src\main\resources to target\classes
2025-02-18 16:29:42,128 [Worker-15: Building] INFO  o.a.m.s.f.DefaultMavenResourcesFiltering - Copying 0 resource from src\test\resources to target\test-classes
2025-02-18 16:32:20,042 [Worker-17: Building] INFO  o.a.m.s.f.DefaultMavenResourcesFiltering - Copying 0 resource from src\main\resources to target\classes
2025-02-18 16:32:20,059 [Worker-17: Building] INFO  o.a.m.s.f.DefaultMavenResourcesFiltering - Copying 0 resource from src\main\resources to target\classes
2025-02-18 16:32:20,065 [Worker-17: Building] INFO  o.a.m.s.f.DefaultMavenResourcesFiltering - Copying 0 resource from src\test\resources to target\test-classes
2025-02-18 16:33:06,416 [Worker-16: Building] INFO  o.a.m.s.f.DefaultMavenResourcesFiltering - Copying 0 resource from src\main\resources to target\classes
2025-02-18 16:33:06,434 [Worker-16: Building] INFO  o.a.m.s.f.DefaultMavenResourcesFiltering - Copying 0 resource from src\main\resources to target\classes
2025-02-18 16:33:06,439 [Worker-16: Building] INFO  o.a.m.s.f.DefaultMavenResourcesFiltering - Copying 0 resource from src\test\resources to target\test-classes
2025-02-18 16:33:45,922 [Worker-19: Building] INFO  o.a.m.s.f.DefaultMavenResourcesFiltering - Copying 0 resource from src\main\resources to target\classes
2025-02-18 16:33:45,939 [Worker-19: Building] INFO  o.a.m.s.f.DefaultMavenResourcesFiltering - Copying 0 resource from src\main\resources to target\classes
2025-02-18 16:33:45,944 [Worker-19: Building] INFO  o.a.m.s.f.DefaultMavenResourcesFiltering - Copying 0 resource from src\test\resources to target\test-classes
2025-02-18 16:35:13,129 [Worker-17: Building] INFO  o.a.m.s.f.DefaultMavenResourcesFiltering - Copying 0 resource from src\main\resources to target\classes
2025-02-18 16:35:13,150 [Worker-17: Building] INFO  o.a.m.s.f.DefaultMavenResourcesFiltering - Copying 0 resource from src\main\resources to target\classes
2025-02-18 16:35:13,157 [Worker-17: Building] INFO  o.a.m.s.f.DefaultMavenResourcesFiltering - Copying 0 resource from src\test\resources to target\test-classes
2025-02-18 16:38:13,091 [Worker-20: Building] INFO  o.a.m.s.f.DefaultMavenResourcesFiltering - Copying 1 resource from src\main\resources to target\classes
2025-02-18 16:38:13,128 [Worker-20: Building] INFO  o.a.m.s.f.DefaultMavenResourcesFiltering - Copying 76 resources from src\main\resources to target\classes
2025-02-18 16:38:13,205 [Worker-20: Building] INFO  o.a.m.s.f.DefaultMavenResourcesFiltering - Copying 0 resource from src\test\resources to target\test-classes
2025-02-18 16:38:36,535 [Worker-20: Building] INFO  o.a.m.s.f.DefaultMavenResourcesFiltering - Copying 0 resource from src\main\resources to target\classes
2025-02-18 16:38:36,553 [Worker-20: Building] INFO  o.a.m.s.f.DefaultMavenResourcesFiltering - Copying 0 resource from src\main\resources to target\classes
2025-02-18 16:38:36,559 [Worker-20: Building] INFO  o.a.m.s.f.DefaultMavenResourcesFiltering - Copying 0 resource from src\test\resources to target\test-classes
2025-02-18 16:40:33,695 [Worker-15: Building] INFO  o.a.m.s.f.DefaultMavenResourcesFiltering - Copying 0 resource from src\main\resources to target\classes
2025-02-18 16:40:33,717 [Worker-15: Building] INFO  o.a.m.s.f.DefaultMavenResourcesFiltering - Copying 0 resource from src\main\resources to target\classes
2025-02-18 16:40:33,723 [Worker-15: Building] INFO  o.a.m.s.f.DefaultMavenResourcesFiltering - Copying 0 resource from src\test\resources to target\test-classes
2025-02-18 16:41:08,689 [Worker-15: Building] INFO  o.a.m.s.f.DefaultMavenResourcesFiltering - Copying 0 resource from src\main\resources to target\classes
2025-02-18 16:41:08,710 [Worker-15: Building] INFO  o.a.m.s.f.DefaultMavenResourcesFiltering - Copying 0 resource from src\main\resources to target\classes
2025-02-18 16:41:08,715 [Worker-15: Building] INFO  o.a.m.s.f.DefaultMavenResourcesFiltering - Copying 0 resource from src\test\resources to target\test-classes
2025-02-18 16:41:28,040 [Worker-15: Building] INFO  o.a.m.s.f.DefaultMavenResourcesFiltering - Copying 0 resource from src\main\resources to target\classes
2025-02-18 16:41:28,062 [Worker-15: Building] INFO  o.a.m.s.f.DefaultMavenResourcesFiltering - Copying 0 resource from src\main\resources to target\classes
2025-02-18 16:41:28,066 [Worker-15: Building] INFO  o.a.m.s.f.DefaultMavenResourcesFiltering - Copying 0 resource from src\test\resources to target\test-classes
2025-02-18 16:42:17,718 [Worker-17: Building] INFO  o.a.m.s.f.DefaultMavenResourcesFiltering - Copying 1 resource from src\main\resources to target\classes
2025-02-18 16:42:17,748 [Worker-17: Building] INFO  o.a.m.s.f.DefaultMavenResourcesFiltering - Copying 76 resources from src\main\resources to target\classes
2025-02-18 16:42:17,800 [Worker-17: Building] INFO  o.a.m.s.f.DefaultMavenResourcesFiltering - Copying 0 resource from src\test\resources to target\test-classes
2025-02-18 16:42:26,985 [Worker-19: Building] INFO  o.a.m.s.f.DefaultMavenResourcesFiltering - Copying 0 resource from src\main\resources to target\classes
2025-02-18 16:42:27,005 [Worker-19: Building] INFO  o.a.m.s.f.DefaultMavenResourcesFiltering - Copying 0 resource from src\main\resources to target\classes
2025-02-18 16:42:27,013 [Worker-19: Building] INFO  o.a.m.s.f.DefaultMavenResourcesFiltering - Copying 0 resource from src\test\resources to target\test-classes
2025-02-18 16:43:40,556 [Worker-15: Building] INFO  o.a.m.s.f.DefaultMavenResourcesFiltering - Copying 0 resource from src\main\resources to target\classes
2025-02-18 16:43:40,600 [Worker-15: Building] INFO  o.a.m.s.f.DefaultMavenResourcesFiltering - Copying 0 resource from src\main\resources to target\classes
2025-02-18 16:43:40,605 [Worker-15: Building] INFO  o.a.m.s.f.DefaultMavenResourcesFiltering - Copying 0 resource from src\test\resources to target\test-classes
2025-02-18 16:45:34,323 [Worker-16: Building] INFO  o.a.m.s.f.DefaultMavenResourcesFiltering - Copying 0 resource from src\main\resources to target\classes
2025-02-18 16:45:34,349 [Worker-16: Building] INFO  o.a.m.s.f.DefaultMavenResourcesFiltering - Copying 0 resource from src\main\resources to target\classes
2025-02-18 16:45:34,357 [Worker-16: Building] INFO  o.a.m.s.f.DefaultMavenResourcesFiltering - Copying 0 resource from src\test\resources to target\test-classes
2025-02-18 16:46:02,963 [Worker-19: Building] INFO  o.a.m.s.f.DefaultMavenResourcesFiltering - Copying 0 resource from src\main\resources to target\classes
2025-02-18 16:46:02,986 [Worker-19: Building] INFO  o.a.m.s.f.DefaultMavenResourcesFiltering - Copying 0 resource from src\main\resources to target\classes
2025-02-18 16:46:02,991 [Worker-19: Building] INFO  o.a.m.s.f.DefaultMavenResourcesFiltering - Copying 0 resource from src\test\resources to target\test-classes
2025-02-18 16:46:23,595 [Worker-17: Building] INFO  o.a.m.s.f.DefaultMavenResourcesFiltering - Copying 0 resource from src\main\resources to target\classes
2025-02-18 16:46:23,619 [Worker-17: Building] INFO  o.a.m.s.f.DefaultMavenResourcesFiltering - Copying 0 resource from src\main\resources to target\classes
2025-02-18 16:46:23,626 [Worker-17: Building] INFO  o.a.m.s.f.DefaultMavenResourcesFiltering - Copying 0 resource from src\test\resources to target\test-classes
2025-02-18 16:46:32,783 [Worker-15: Building] INFO  o.a.m.s.f.DefaultMavenResourcesFiltering - Copying 0 resource from src\main\resources to target\classes
2025-02-18 16:46:32,803 [Worker-15: Building] INFO  o.a.m.s.f.DefaultMavenResourcesFiltering - Copying 0 resource from src\main\resources to target\classes
2025-02-18 16:46:32,808 [Worker-15: Building] INFO  o.a.m.s.f.DefaultMavenResourcesFiltering - Copying 0 resource from src\test\resources to target\test-classes
2025-02-18 16:48:17,657 [Worker-21: Building] INFO  o.a.m.s.f.DefaultMavenResourcesFiltering - Copying 0 resource from src\main\resources to target\classes
2025-02-18 16:48:17,680 [Worker-21: Building] INFO  o.a.m.s.f.DefaultMavenResourcesFiltering - Copying 0 resource from src\main\resources to target\classes
2025-02-18 16:48:17,686 [Worker-21: Building] INFO  o.a.m.s.f.DefaultMavenResourcesFiltering - Copying 0 resource from src\test\resources to target\test-classes
2025-02-18 16:48:56,013 [Worker-19: Building] INFO  o.a.m.s.f.DefaultMavenResourcesFiltering - Copying 0 resource from src\main\resources to target\classes
2025-02-18 16:48:56,029 [Worker-19: Building] INFO  o.a.m.s.f.DefaultMavenResourcesFiltering - Copying 0 resource from src\main\resources to target\classes
2025-02-18 16:48:56,033 [Worker-19: Building] INFO  o.a.m.s.f.DefaultMavenResourcesFiltering - Copying 0 resource from src\test\resources to target\test-classes
2025-02-18 16:49:06,060 [Worker-21: Building] INFO  o.a.m.s.f.DefaultMavenResourcesFiltering - Copying 0 resource from src\main\resources to target\classes
2025-02-18 16:49:06,079 [Worker-21: Building] INFO  o.a.m.s.f.DefaultMavenResourcesFiltering - Copying 0 resource from src\main\resources to target\classes
2025-02-18 16:49:06,084 [Worker-21: Building] INFO  o.a.m.s.f.DefaultMavenResourcesFiltering - Copying 0 resource from src\test\resources to target\test-classes
2025-02-18 16:56:24,333 [Worker-20: Building] INFO  o.a.m.s.f.DefaultMavenResourcesFiltering - Copying 0 resource from src\main\resources to target\classes
2025-02-18 16:56:24,349 [Worker-20: Building] INFO  o.a.m.s.f.DefaultMavenResourcesFiltering - Copying 0 resource from src\main\resources to target\classes
2025-02-18 16:56:24,355 [Worker-20: Building] INFO  o.a.m.s.f.DefaultMavenResourcesFiltering - Copying 0 resource from src\test\resources to target\test-classes
2025-02-18 16:56:58,378 [Worker-19: Building] INFO  o.a.m.s.f.DefaultMavenResourcesFiltering - Copying 0 resource from src\main\resources to target\classes
2025-02-18 16:56:58,394 [Worker-19: Building] INFO  o.a.m.s.f.DefaultMavenResourcesFiltering - Copying 0 resource from src\main\resources to target\classes
2025-02-18 16:56:58,399 [Worker-19: Building] INFO  o.a.m.s.f.DefaultMavenResourcesFiltering - Copying 0 resource from src\test\resources to target\test-classes
2025-02-18 16:57:27,318 [Worker-17: Building] INFO  o.a.m.s.f.DefaultMavenResourcesFiltering - Copying 0 resource from src\main\resources to target\classes
2025-02-18 16:57:27,343 [Worker-17: Building] INFO  o.a.m.s.f.DefaultMavenResourcesFiltering - Copying 0 resource from src\main\resources to target\classes
2025-02-18 16:57:27,349 [Worker-17: Building] INFO  o.a.m.s.f.DefaultMavenResourcesFiltering - Copying 0 resource from src\test\resources to target\test-classes
2025-02-18 17:02:57,232 [Worker-16: Building] INFO  o.a.m.s.f.DefaultMavenResourcesFiltering - Copying 0 resource from src\main\resources to target\classes
2025-02-18 17:02:57,250 [Worker-16: Building] INFO  o.a.m.s.f.DefaultMavenResourcesFiltering - Copying 0 resource from src\main\resources to target\classes
2025-02-18 17:02:57,255 [Worker-16: Building] INFO  o.a.m.s.f.DefaultMavenResourcesFiltering - Copying 0 resource from src\test\resources to target\test-classes
2025-02-18 17:03:24,758 [Worker-19: Building] INFO  o.a.m.s.f.DefaultMavenResourcesFiltering - Copying 0 resource from src\main\resources to target\classes
2025-02-18 17:03:24,774 [Worker-19: Building] INFO  o.a.m.s.f.DefaultMavenResourcesFiltering - Copying 0 resource from src\main\resources to target\classes
2025-02-18 17:03:24,779 [Worker-19: Building] INFO  o.a.m.s.f.DefaultMavenResourcesFiltering - Copying 0 resource from src\test\resources to target\test-classes
2025-02-18 17:03:52,708 [Worker-16: Building] INFO  o.a.m.s.f.DefaultMavenResourcesFiltering - Copying 0 resource from src\main\resources to target\classes
2025-02-18 17:03:52,732 [Worker-16: Building] INFO  o.a.m.s.f.DefaultMavenResourcesFiltering - Copying 0 resource from src\main\resources to target\classes
2025-02-18 17:03:52,739 [Worker-16: Building] INFO  o.a.m.s.f.DefaultMavenResourcesFiltering - Copying 0 resource from src\test\resources to target\test-classes
2025-02-18 17:04:18,246 [Worker-17: Building] INFO  o.a.m.s.f.DefaultMavenResourcesFiltering - Copying 0 resource from src\main\resources to target\classes
2025-02-18 17:04:18,265 [Worker-17: Building] INFO  o.a.m.s.f.DefaultMavenResourcesFiltering - Copying 0 resource from src\main\resources to target\classes
2025-02-18 17:04:18,271 [Worker-17: Building] INFO  o.a.m.s.f.DefaultMavenResourcesFiltering - Copying 0 resource from src\test\resources to target\test-classes
2025-02-18 17:04:29,032 [Worker-20: Building] INFO  o.a.m.s.f.DefaultMavenResourcesFiltering - Copying 0 resource from src\main\resources to target\classes
2025-02-18 17:04:29,048 [Worker-20: Building] INFO  o.a.m.s.f.DefaultMavenResourcesFiltering - Copying 0 resource from src\main\resources to target\classes
2025-02-18 17:04:29,053 [Worker-20: Building] INFO  o.a.m.s.f.DefaultMavenResourcesFiltering - Copying 0 resource from src\test\resources to target\test-classes
2025-02-18 17:04:43,262 [Worker-20: Building] INFO  o.a.m.s.f.DefaultMavenResourcesFiltering - Copying 0 resource from src\main\resources to target\classes
2025-02-18 17:04:43,280 [Worker-20: Building] INFO  o.a.m.s.f.DefaultMavenResourcesFiltering - Copying 0 resource from src\main\resources to target\classes
2025-02-18 17:04:43,285 [Worker-20: Building] INFO  o.a.m.s.f.DefaultMavenResourcesFiltering - Copying 0 resource from src\test\resources to target\test-classes
2025-02-18 17:05:11,180 [Worker-22: Building] INFO  o.a.m.s.f.DefaultMavenResourcesFiltering - Copying 0 resource from src\main\resources to target\classes
2025-02-18 17:05:11,195 [Worker-22: Building] INFO  o.a.m.s.f.DefaultMavenResourcesFiltering - Copying 0 resource from src\main\resources to target\classes
2025-02-18 17:05:11,199 [Worker-22: Building] INFO  o.a.m.s.f.DefaultMavenResourcesFiltering - Copying 0 resource from src\test\resources to target\test-classes
2025-02-18 17:06:52,410 [Worker-19: Building] INFO  o.a.m.s.f.DefaultMavenResourcesFiltering - Copying 0 resource from src\main\resources to target\classes
2025-02-18 17:06:52,426 [Worker-19: Building] INFO  o.a.m.s.f.DefaultMavenResourcesFiltering - Copying 0 resource from src\main\resources to target\classes
2025-02-18 17:06:52,431 [Worker-19: Building] INFO  o.a.m.s.f.DefaultMavenResourcesFiltering - Copying 0 resource from src\test\resources to target\test-classes
2025-02-18 17:09:59,126 [Worker-19: Building] INFO  o.a.m.s.f.DefaultMavenResourcesFiltering - Copying 0 resource from src\main\resources to target\classes
2025-02-18 17:09:59,143 [Worker-19: Building] INFO  o.a.m.s.f.DefaultMavenResourcesFiltering - Copying 0 resource from src\main\resources to target\classes
2025-02-18 17:09:59,153 [Worker-19: Building] INFO  o.a.m.s.f.DefaultMavenResourcesFiltering - Copying 0 resource from src\test\resources to target\test-classes
2025-02-18 17:10:34,680 [Worker-16: Building] INFO  o.a.m.s.f.DefaultMavenResourcesFiltering - Copying 0 resource from src\main\resources to target\classes
2025-02-18 17:10:34,697 [Worker-16: Building] INFO  o.a.m.s.f.DefaultMavenResourcesFiltering - Copying 0 resource from src\main\resources to target\classes
2025-02-18 17:10:34,701 [Worker-16: Building] INFO  o.a.m.s.f.DefaultMavenResourcesFiltering - Copying 0 resource from src\test\resources to target\test-classes
2025-02-18 17:12:36,267 [Worker-16: Building] INFO  o.a.m.s.f.DefaultMavenResourcesFiltering - Copying 1 resource from src\main\resources to target\classes
2025-02-18 17:12:36,300 [Worker-16: Building] INFO  o.a.m.s.f.DefaultMavenResourcesFiltering - Copying 0 resource from src\main\resources to target\classes
2025-02-18 17:12:36,306 [Worker-16: Building] INFO  o.a.m.s.f.DefaultMavenResourcesFiltering - Copying 0 resource from src\test\resources to target\test-classes
2025-02-18 17:14:11,733 [Worker-17: Building] INFO  o.a.m.s.f.DefaultMavenResourcesFiltering - Copying 0 resource from src\main\resources to target\classes
2025-02-18 17:14:11,750 [Worker-17: Building] INFO  o.a.m.s.f.DefaultMavenResourcesFiltering - Copying 0 resource from src\main\resources to target\classes
2025-02-18 17:14:11,756 [Worker-17: Building] INFO  o.a.m.s.f.DefaultMavenResourcesFiltering - Copying 0 resource from src\test\resources to target\test-classes
2025-02-18 17:15:45,019 [Worker-22: Building] INFO  o.a.m.s.f.DefaultMavenResourcesFiltering - Copying 0 resource from src\main\resources to target\classes
2025-02-18 17:15:45,040 [Worker-22: Building] INFO  o.a.m.s.f.DefaultMavenResourcesFiltering - Copying 0 resource from src\main\resources to target\classes
2025-02-18 17:15:45,045 [Worker-22: Building] INFO  o.a.m.s.f.DefaultMavenResourcesFiltering - Copying 0 resource from src\test\resources to target\test-classes
2025-02-18 17:16:32,383 [Worker-17: Building] INFO  o.a.m.s.f.DefaultMavenResourcesFiltering - Copying 0 resource from src\main\resources to target\classes
2025-02-18 17:16:32,404 [Worker-17: Building] INFO  o.a.m.s.f.DefaultMavenResourcesFiltering - Copying 0 resource from src\main\resources to target\classes
2025-02-18 17:16:32,409 [Worker-17: Building] INFO  o.a.m.s.f.DefaultMavenResourcesFiltering - Copying 0 resource from src\test\resources to target\test-classes
2025-02-18 17:17:10,176 [Worker-20: Building] INFO  o.a.m.s.f.DefaultMavenResourcesFiltering - Copying 1 resource from src\main\resources to target\classes
2025-02-18 17:17:10,211 [Worker-20: Building] INFO  o.a.m.s.f.DefaultMavenResourcesFiltering - Copying 0 resource from src\main\resources to target\classes
2025-02-18 17:17:10,219 [Worker-20: Building] INFO  o.a.m.s.f.DefaultMavenResourcesFiltering - Copying 0 resource from src\test\resources to target\test-classes
2025-02-18 17:18:02,404 [Worker-8: Building] INFO  o.a.m.s.f.DefaultMavenResourcesFiltering - Copying 1 resource from src\main\resources to target\classes
2025-02-18 17:18:02,438 [Worker-8: Building] INFO  o.a.m.s.f.DefaultMavenResourcesFiltering - Copying 0 resource from src\main\resources to target\classes
2025-02-18 17:18:02,446 [Worker-8: Building] INFO  o.a.m.s.f.DefaultMavenResourcesFiltering - Copying 0 resource from src\test\resources to target\test-classes
2025-02-18 17:20:13,718 [Worker-19: Building] INFO  o.a.m.s.f.DefaultMavenResourcesFiltering - Copying 1 resource from src\main\resources to target\classes
2025-02-18 17:20:13,743 [Worker-19: Building] INFO  o.a.m.s.f.DefaultMavenResourcesFiltering - Copying 0 resource from src\main\resources to target\classes
2025-02-18 17:20:13,747 [Worker-19: Building] INFO  o.a.m.s.f.DefaultMavenResourcesFiltering - Copying 0 resource from src\test\resources to target\test-classes
2025-02-18 17:21:57,341 [Worker-19: Building] INFO  o.a.m.s.f.DefaultMavenResourcesFiltering - Copying 1 resource from src\main\resources to target\classes
2025-02-18 17:21:57,374 [Worker-19: Building] INFO  o.a.m.s.f.DefaultMavenResourcesFiltering - Copying 0 resource from src\main\resources to target\classes
2025-02-18 17:21:57,380 [Worker-19: Building] INFO  o.a.m.s.f.DefaultMavenResourcesFiltering - Copying 0 resource from src\test\resources to target\test-classes
2025-02-18 17:22:53,506 [Worker-16: Building] INFO  o.a.m.s.f.DefaultMavenResourcesFiltering - Copying 0 resource from src\main\resources to target\classes
2025-02-18 17:22:53,527 [Worker-16: Building] INFO  o.a.m.s.f.DefaultMavenResourcesFiltering - Copying 0 resource from src\main\resources to target\classes
2025-02-18 17:22:53,531 [Worker-16: Building] INFO  o.a.m.s.f.DefaultMavenResourcesFiltering - Copying 0 resource from src\test\resources to target\test-classes
2025-02-18 17:31:02,301 [Worker-17: Building] INFO  o.a.m.s.f.DefaultMavenResourcesFiltering - Copying 1 resource from src\main\resources to target\classes
2025-02-18 17:31:02,327 [Worker-17: Building] INFO  o.a.m.s.f.DefaultMavenResourcesFiltering - Copying 76 resources from src\main\resources to target\classes
2025-02-18 17:31:02,370 [Worker-17: Building] INFO  o.a.m.s.f.DefaultMavenResourcesFiltering - Copying 0 resource from src\test\resources to target\test-classes
2025-02-18 17:31:31,484 [Worker-24: Building] INFO  o.a.m.s.f.DefaultMavenResourcesFiltering - Copying 1 resource from src\main\resources to target\classes
2025-02-18 17:31:31,507 [Worker-24: Building] INFO  o.a.m.s.f.DefaultMavenResourcesFiltering - Copying 76 resources from src\main\resources to target\classes
2025-02-18 17:31:31,559 [Worker-24: Building] INFO  o.a.m.s.f.DefaultMavenResourcesFiltering - Copying 0 resource from src\test\resources to target\test-classes
2025-02-18 17:33:54,378 [Worker-22: Building] INFO  o.a.m.s.f.DefaultMavenResourcesFiltering - Copying 1 resource from src\main\resources to target\classes
2025-02-18 17:33:54,400 [Worker-22: Building] INFO  o.a.m.s.f.DefaultMavenResourcesFiltering - Copying 76 resources from src\main\resources to target\classes
2025-02-18 17:33:54,455 [Worker-22: Building] INFO  o.a.m.s.f.DefaultMavenResourcesFiltering - Copying 0 resource from src\test\resources to target\test-classes
2025-02-18 17:42:54,446 [Worker-23: Building] INFO  o.a.m.s.f.DefaultMavenResourcesFiltering - Copying 0 resource from src\main\resources to target\classes
2025-02-18 17:42:54,464 [Worker-23: Building] INFO  o.a.m.s.f.DefaultMavenResourcesFiltering - Copying 0 resource from src\main\resources to target\classes
2025-02-18 17:42:54,469 [Worker-23: Building] INFO  o.a.m.s.f.DefaultMavenResourcesFiltering - Copying 0 resource from src\test\resources to target\test-classes
2025-02-18 17:43:31,502 [Worker-16: Building] INFO  o.a.m.s.f.DefaultMavenResourcesFiltering - Copying 0 resource from src\main\resources to target\classes
2025-02-18 17:43:31,518 [Worker-16: Building] INFO  o.a.m.s.f.DefaultMavenResourcesFiltering - Copying 0 resource from src\main\resources to target\classes
2025-02-18 17:43:31,522 [Worker-16: Building] INFO  o.a.m.s.f.DefaultMavenResourcesFiltering - Copying 0 resource from src\test\resources to target\test-classes
2025-02-18 17:46:03,265 [Worker-24: Building] INFO  o.a.m.s.f.DefaultMavenResourcesFiltering - Copying 1 resource from src\main\resources to target\classes
2025-02-18 17:46:03,287 [Worker-24: Building] INFO  o.a.m.s.f.DefaultMavenResourcesFiltering - Copying 76 resources from src\main\resources to target\classes
2025-02-18 17:46:03,339 [Worker-24: Building] INFO  o.a.m.s.f.DefaultMavenResourcesFiltering - Copying 0 resource from src\test\resources to target\test-classes
2025-02-18 17:49:57,373 [Worker-24: Building] INFO  o.a.m.s.f.DefaultMavenResourcesFiltering - Copying 1 resource from src\main\resources to target\classes
2025-02-18 17:49:57,408 [Worker-24: Building] INFO  o.a.m.s.f.DefaultMavenResourcesFiltering - Copying 76 resources from src\main\resources to target\classes
2025-02-18 17:49:57,459 [Worker-24: Building] INFO  o.a.m.s.f.DefaultMavenResourcesFiltering - Copying 0 resource from src\test\resources to target\test-classes
2025-02-19 18:04:16,824 [Worker-6: Loading available Gradle versions] INFO  o.e.b.c.i.u.g.PublishedGradleVersions - Gradle version information cache is up-to-date. Trying to read.
2025-02-19 18:04:46,141 [Worker-10: Importing Maven projects] INFO  o.e.m.c.i.l.LifecycleMappingFactory - Using org.eclipse.m2e.jdt.JarLifecycleMapping lifecycle mapping for MavenProject: com.autoCounsel:auto_counsel:0.0.1-SNAPSHOT @ C:\Users\HP\Desktop\cars\Auto_counsel\auto_counsel\pom.xml.
2025-02-19 18:04:49,450 [Worker-10: Importing Maven projects] INFO  o.e.m.j.i.AbstractJavaProjectConfigurator - Adding source folder /auto_counsel/src/main/java
2025-02-19 18:04:49,455 [Worker-10: Importing Maven projects] INFO  o.e.m.j.i.AbstractJavaProjectConfigurator - Adding resource folder /auto_counsel/src/main/resources
2025-02-19 18:04:49,486 [Worker-10: Importing Maven projects] INFO  o.e.m.j.i.AbstractJavaProjectConfigurator - Adding resource folder /auto_counsel/src/main/resources
2025-02-19 18:04:49,511 [Worker-10: Importing Maven projects] INFO  o.e.m.j.i.AbstractJavaProjectConfigurator - Adding source folder /auto_counsel/src/test/java
2025-02-19 18:04:49,514 [Worker-10: Importing Maven projects] INFO  o.e.m.j.i.AbstractJavaProjectConfigurator - Adding resource folder /auto_counsel/src/test/resources
2025-02-19 18:04:52,143 [Worker-10: Importing Maven projects] INFO  o.e.m.c.i.p.ProjectConfigurationManager - Imported and configured 1 project(s) in 9 sec
2025-02-19 18:05:07,239 [Worker-14: Building] INFO  o.a.m.s.f.DefaultMavenResourcesFiltering - Copying 1 resource from src\main\resources to target\classes
2025-02-19 18:05:07,317 [Worker-14: Building] INFO  o.a.m.s.f.DefaultMavenResourcesFiltering - Copying 76 resources from src\main\resources to target\classes
2025-02-19 18:05:08,376 [Worker-14: Building] INFO  o.a.m.s.f.DefaultMavenResourcesFiltering - skip non existing resourceDirectory C:\Users\HP\Desktop\cars\Auto_counsel\auto_counsel\src\test\resources
2025-02-19 18:06:20,147 [Worker-2: Building] INFO  o.a.m.s.f.DefaultMavenResourcesFiltering - Copying 1 resource from src\main\resources to target\classes
2025-02-19 18:06:20,192 [Worker-2: Building] INFO  o.a.m.s.f.DefaultMavenResourcesFiltering - Copying 0 resource from src\main\resources to target\classes
2025-02-19 18:06:20,200 [Worker-2: Building] INFO  o.a.m.s.f.DefaultMavenResourcesFiltering - skip non existing resourceDirectory C:\Users\HP\Desktop\cars\Auto_counsel\auto_counsel\src\test\resources
2025-02-19 18:08:07,657 [Worker-0: Building] INFO  o.a.m.s.f.DefaultMavenResourcesFiltering - Copying 1 resource from src\main\resources to target\classes
2025-02-19 18:08:07,677 [Worker-0: Building] INFO  o.a.m.s.f.DefaultMavenResourcesFiltering - Copying 76 resources from src\main\resources to target\classes
2025-02-19 18:08:07,754 [Worker-0: Building] INFO  o.a.m.s.f.DefaultMavenResourcesFiltering - skip non existing resourceDirectory C:\Users\HP\Desktop\cars\Auto_counsel\auto_counsel\src\test\resources
2025-02-19 18:10:56,824 [Worker-7: Building] INFO  o.a.m.s.f.DefaultMavenResourcesFiltering - Copying 1 resource from src\main\resources to target\classes
2025-02-19 18:10:56,853 [Worker-7: Building] INFO  o.a.m.s.f.DefaultMavenResourcesFiltering - Copying 76 resources from src\main\resources to target\classes
2025-02-19 18:10:56,920 [Worker-7: Building] INFO  o.a.m.s.f.DefaultMavenResourcesFiltering - skip non existing resourceDirectory C:\Users\HP\Desktop\cars\Auto_counsel\auto_counsel\src\test\resources
2025-02-19 18:11:05,710 [Worker-13: Building] INFO  o.a.m.s.f.DefaultMavenResourcesFiltering - Copying 1 resource from src\main\resources to target\classes
2025-02-19 18:11:05,754 [Worker-13: Building] INFO  o.a.m.s.f.DefaultMavenResourcesFiltering - Copying 76 resources from src\main\resources to target\classes
2025-02-19 18:11:05,818 [Worker-13: Building] INFO  o.a.m.s.f.DefaultMavenResourcesFiltering - skip non existing resourceDirectory C:\Users\HP\Desktop\cars\Auto_counsel\auto_counsel\src\test\resources
2025-02-19 18:14:02,344 [Worker-14: Building] INFO  o.a.m.s.f.DefaultMavenResourcesFiltering - Copying 0 resource from src\main\resources to target\classes
2025-02-19 18:14:02,366 [Worker-14: Building] INFO  o.a.m.s.f.DefaultMavenResourcesFiltering - Copying 0 resource from src\main\resources to target\classes
2025-02-19 18:14:02,373 [Worker-14: Building] INFO  o.a.m.s.f.DefaultMavenResourcesFiltering - skip non existing resourceDirectory C:\Users\HP\Desktop\cars\Auto_counsel\auto_counsel\src\test\resources
2025-02-19 18:14:27,449 [Worker-10: Building] INFO  o.a.m.s.f.DefaultMavenResourcesFiltering - Copying 0 resource from src\main\resources to target\classes
2025-02-19 18:14:27,467 [Worker-10: Building] INFO  o.a.m.s.f.DefaultMavenResourcesFiltering - Copying 0 resource from src\main\resources to target\classes
2025-02-19 18:14:27,474 [Worker-10: Building] INFO  o.a.m.s.f.DefaultMavenResourcesFiltering - skip non existing resourceDirectory C:\Users\HP\Desktop\cars\Auto_counsel\auto_counsel\src\test\resources
2025-02-19 18:16:29,395 [Worker-7: Building] INFO  o.a.m.s.f.DefaultMavenResourcesFiltering - Copying 1 resource from src\main\resources to target\classes
2025-02-19 18:16:29,413 [Worker-7: Building] INFO  o.a.m.s.f.DefaultMavenResourcesFiltering - Copying 76 resources from src\main\resources to target\classes
2025-02-19 18:16:29,492 [Worker-7: Building] INFO  o.a.m.s.f.DefaultMavenResourcesFiltering - skip non existing resourceDirectory C:\Users\HP\Desktop\cars\Auto_counsel\auto_counsel\src\test\resources
2025-02-19 18:17:56,308 [Worker-4: Building] INFO  o.a.m.s.f.DefaultMavenResourcesFiltering - Copying 1 resource from src\main\resources to target\classes
2025-02-19 18:17:56,326 [Worker-4: Building] INFO  o.a.m.s.f.DefaultMavenResourcesFiltering - Copying 76 resources from src\main\resources to target\classes
2025-02-19 18:17:56,359 [Worker-4: Building] INFO  o.a.m.s.f.DefaultMavenResourcesFiltering - skip non existing resourceDirectory C:\Users\HP\Desktop\cars\Auto_counsel\auto_counsel\src\test\resources
2025-02-19 18:23:49,864 [Worker-6: Building] INFO  o.a.m.s.f.DefaultMavenResourcesFiltering - Copying 0 resource from src\main\resources to target\classes
2025-02-19 18:23:49,882 [Worker-6: Building] INFO  o.a.m.s.f.DefaultMavenResourcesFiltering - Copying 0 resource from src\main\resources to target\classes
2025-02-19 18:23:49,887 [Worker-6: Building] INFO  o.a.m.s.f.DefaultMavenResourcesFiltering - skip non existing resourceDirectory C:\Users\HP\Desktop\cars\Auto_counsel\auto_counsel\src\test\resources
2025-02-19 18:24:43,211 [Worker-13: Building] INFO  o.a.m.s.f.DefaultMavenResourcesFiltering - Copying 1 resource from src\main\resources to target\classes
2025-02-19 18:24:43,273 [Worker-13: Building] INFO  o.a.m.s.f.DefaultMavenResourcesFiltering - Copying 76 resources from src\main\resources to target\classes
2025-02-19 18:24:43,322 [Worker-13: Building] INFO  o.a.m.s.f.DefaultMavenResourcesFiltering - skip non existing resourceDirectory C:\Users\HP\Desktop\cars\Auto_counsel\auto_counsel\src\test\resources
2025-02-19 18:26:11,793 [Worker-13: Building] INFO  o.a.m.s.f.DefaultMavenResourcesFiltering - Copying 0 resource from src\main\resources to target\classes
2025-02-19 18:26:11,813 [Worker-13: Building] INFO  o.a.m.s.f.DefaultMavenResourcesFiltering - Copying 0 resource from src\main\resources to target\classes
2025-02-19 18:26:11,819 [Worker-13: Building] INFO  o.a.m.s.f.DefaultMavenResourcesFiltering - skip non existing resourceDirectory C:\Users\HP\Desktop\cars\Auto_counsel\auto_counsel\src\test\resources
2025-02-19 18:28:01,636 [Worker-0: Building] INFO  o.a.m.s.f.DefaultMavenResourcesFiltering - Copying 0 resource from src\main\resources to target\classes
2025-02-19 18:28:01,650 [Worker-0: Building] INFO  o.a.m.s.f.DefaultMavenResourcesFiltering - Copying 0 resource from src\main\resources to target\classes
2025-02-19 18:28:01,654 [Worker-0: Building] INFO  o.a.m.s.f.DefaultMavenResourcesFiltering - skip non existing resourceDirectory C:\Users\HP\Desktop\cars\Auto_counsel\auto_counsel\src\test\resources
2025-02-19 18:29:50,605 [Worker-7: Building] INFO  o.a.m.s.f.DefaultMavenResourcesFiltering - Copying 0 resource from src\main\resources to target\classes
2025-02-19 18:29:50,625 [Worker-7: Building] INFO  o.a.m.s.f.DefaultMavenResourcesFiltering - Copying 0 resource from src\main\resources to target\classes
2025-02-19 18:29:50,631 [Worker-7: Building] INFO  o.a.m.s.f.DefaultMavenResourcesFiltering - skip non existing resourceDirectory C:\Users\HP\Desktop\cars\Auto_counsel\auto_counsel\src\test\resources
2025-02-19 18:32:30,584 [Worker-6: Building] INFO  o.a.m.s.f.DefaultMavenResourcesFiltering - Copying 0 resource from src\main\resources to target\classes
2025-02-19 18:32:30,600 [Worker-6: Building] INFO  o.a.m.s.f.DefaultMavenResourcesFiltering - Copying 0 resource from src\main\resources to target\classes
2025-02-19 18:32:30,605 [Worker-6: Building] INFO  o.a.m.s.f.DefaultMavenResourcesFiltering - skip non existing resourceDirectory C:\Users\HP\Desktop\cars\Auto_counsel\auto_counsel\src\test\resources
2025-02-19 18:35:34,551 [Worker-13: Building] INFO  o.a.m.s.f.DefaultMavenResourcesFiltering - Copying 0 resource from src\main\resources to target\classes
2025-02-19 18:35:34,571 [Worker-13: Building] INFO  o.a.m.s.f.DefaultMavenResourcesFiltering - Copying 0 resource from src\main\resources to target\classes
2025-02-19 18:35:34,580 [Worker-13: Building] INFO  o.a.m.s.f.DefaultMavenResourcesFiltering - skip non existing resourceDirectory C:\Users\HP\Desktop\cars\Auto_counsel\auto_counsel\src\test\resources
2025-02-19 18:36:59,755 [Worker-16: Building] INFO  o.a.m.s.f.DefaultMavenResourcesFiltering - Copying 0 resource from src\main\resources to target\classes
2025-02-19 18:36:59,777 [Worker-16: Building] INFO  o.a.m.s.f.DefaultMavenResourcesFiltering - Copying 0 resource from src\main\resources to target\classes
2025-02-19 18:36:59,783 [Worker-16: Building] INFO  o.a.m.s.f.DefaultMavenResourcesFiltering - skip non existing resourceDirectory C:\Users\HP\Desktop\cars\Auto_counsel\auto_counsel\src\test\resources
2025-02-19 18:38:39,771 [Worker-0: Building] INFO  o.a.m.s.f.DefaultMavenResourcesFiltering - Copying 1 resource from src\main\resources to target\classes
2025-02-19 18:38:39,794 [Worker-0: Building] INFO  o.a.m.s.f.DefaultMavenResourcesFiltering - Copying 76 resources from src\main\resources to target\classes
2025-02-19 18:38:39,840 [Worker-0: Building] INFO  o.a.m.s.f.DefaultMavenResourcesFiltering - skip non existing resourceDirectory C:\Users\HP\Desktop\cars\Auto_counsel\auto_counsel\src\test\resources
2025-02-19 18:39:01,310 [Worker-2: Building] INFO  o.a.m.s.f.DefaultMavenResourcesFiltering - Copying 1 resource from src\main\resources to target\classes
2025-02-19 18:39:01,330 [Worker-2: Building] INFO  o.a.m.s.f.DefaultMavenResourcesFiltering - Copying 76 resources from src\main\resources to target\classes
2025-02-19 18:39:01,377 [Worker-2: Building] INFO  o.a.m.s.f.DefaultMavenResourcesFiltering - skip non existing resourceDirectory C:\Users\HP\Desktop\cars\Auto_counsel\auto_counsel\src\test\resources
2025-02-19 18:39:28,230 [Worker-0: Building] INFO  o.a.m.s.f.DefaultMavenResourcesFiltering - Copying 1 resource from src\main\resources to target\classes
2025-02-19 18:39:28,247 [Worker-0: Building] INFO  o.a.m.s.f.DefaultMavenResourcesFiltering - Copying 76 resources from src\main\resources to target\classes
2025-02-19 18:39:28,298 [Worker-0: Building] INFO  o.a.m.s.f.DefaultMavenResourcesFiltering - skip non existing resourceDirectory C:\Users\HP\Desktop\cars\Auto_counsel\auto_counsel\src\test\resources
2025-02-20 12:26:06,768 [Worker-2: Loading available Gradle versions] INFO  o.e.b.c.i.u.g.PublishedGradleVersions - Gradle version information cache is up-to-date. Trying to read.
2025-02-20 13:13:39,842 [Worker-3: Building] INFO  o.a.m.s.f.DefaultMavenResourcesFiltering - Copying 1 resource from src\main\resources to target\classes
2025-02-20 13:13:40,694 [Worker-3: Building] INFO  o.a.m.s.f.DefaultMavenResourcesFiltering - Copying 76 resources from src\main\resources to target\classes
2025-02-20 13:13:40,759 [Worker-3: Building] INFO  o.a.m.s.f.DefaultMavenResourcesFiltering - skip non existing resourceDirectory C:\Users\HP\Desktop\cars\Auto_counsel\auto_counsel\src\test\resources
2025-02-20 13:18:28,302 [Worker-13: Building] INFO  o.a.m.s.f.DefaultMavenResourcesFiltering - Copying 1 resource from src\main\resources to target\classes
2025-02-20 13:18:28,328 [Worker-13: Building] INFO  o.a.m.s.f.DefaultMavenResourcesFiltering - Copying 76 resources from src\main\resources to target\classes
2025-02-20 13:18:28,380 [Worker-13: Building] INFO  o.a.m.s.f.DefaultMavenResourcesFiltering - skip non existing resourceDirectory C:\Users\HP\Desktop\cars\Auto_counsel\auto_counsel\src\test\resources
2025-02-20 13:18:56,326 [Worker-4: Building] INFO  o.a.m.s.f.DefaultMavenResourcesFiltering - Copying 1 resource from src\main\resources to target\classes
2025-02-20 13:18:56,369 [Worker-4: Building] INFO  o.a.m.s.f.DefaultMavenResourcesFiltering - Copying 76 resources from src\main\resources to target\classes
2025-02-20 13:18:56,421 [Worker-4: Building] INFO  o.a.m.s.f.DefaultMavenResourcesFiltering - skip non existing resourceDirectory C:\Users\HP\Desktop\cars\Auto_counsel\auto_counsel\src\test\resources
2025-02-20 13:18:58,888 [Worker-13: Building] INFO  o.a.m.s.f.DefaultMavenResourcesFiltering - Copying 0 resource from src\main\resources to target\classes
2025-02-20 13:18:58,916 [Worker-13: Building] INFO  o.a.m.s.f.DefaultMavenResourcesFiltering - Copying 0 resource from src\main\resources to target\classes
2025-02-20 13:18:58,923 [Worker-13: Building] INFO  o.a.m.s.f.DefaultMavenResourcesFiltering - skip non existing resourceDirectory C:\Users\HP\Desktop\cars\Auto_counsel\auto_counsel\src\test\resources
2025-02-20 13:19:56,842 [Worker-14: Building] INFO  o.a.m.s.f.DefaultMavenResourcesFiltering - Copying 1 resource from src\main\resources to target\classes
2025-02-20 13:19:56,863 [Worker-14: Building] INFO  o.a.m.s.f.DefaultMavenResourcesFiltering - Copying 76 resources from src\main\resources to target\classes
2025-02-20 13:19:56,931 [Worker-14: Building] INFO  o.a.m.s.f.DefaultMavenResourcesFiltering - skip non existing resourceDirectory C:\Users\HP\Desktop\cars\Auto_counsel\auto_counsel\src\test\resources
2025-02-20 13:20:32,054 [Worker-15: Building] INFO  o.a.m.s.f.DefaultMavenResourcesFiltering - Copying 0 resource from src\main\resources to target\classes
2025-02-20 13:20:32,074 [Worker-15: Building] INFO  o.a.m.s.f.DefaultMavenResourcesFiltering - Copying 0 resource from src\main\resources to target\classes
2025-02-20 13:20:32,080 [Worker-15: Building] INFO  o.a.m.s.f.DefaultMavenResourcesFiltering - skip non existing resourceDirectory C:\Users\HP\Desktop\cars\Auto_counsel\auto_counsel\src\test\resources
2025-02-20 13:21:32,967 [Worker-14: Building] INFO  o.a.m.s.f.DefaultMavenResourcesFiltering - Copying 0 resource from src\main\resources to target\classes
2025-02-20 13:21:32,982 [Worker-14: Building] INFO  o.a.m.s.f.DefaultMavenResourcesFiltering - Copying 0 resource from src\main\resources to target\classes
2025-02-20 13:21:32,988 [Worker-14: Building] INFO  o.a.m.s.f.DefaultMavenResourcesFiltering - skip non existing resourceDirectory C:\Users\HP\Desktop\cars\Auto_counsel\auto_counsel\src\test\resources
2025-02-20 13:21:49,201 [Worker-3: Building] INFO  o.a.m.s.f.DefaultMavenResourcesFiltering - Copying 1 resource from src\main\resources to target\classes
2025-02-20 13:21:49,225 [Worker-3: Building] INFO  o.a.m.s.f.DefaultMavenResourcesFiltering - Copying 76 resources from src\main\resources to target\classes
2025-02-20 13:21:49,270 [Worker-3: Building] INFO  o.a.m.s.f.DefaultMavenResourcesFiltering - skip non existing resourceDirectory C:\Users\HP\Desktop\cars\Auto_counsel\auto_counsel\src\test\resources
2025-02-20 13:22:54,327 [Worker-16: Building] INFO  o.a.m.s.f.DefaultMavenResourcesFiltering - Copying 0 resource from src\main\resources to target\classes
2025-02-20 13:22:54,340 [Worker-16: Building] INFO  o.a.m.s.f.DefaultMavenResourcesFiltering - Copying 0 resource from src\main\resources to target\classes
2025-02-20 13:22:54,346 [Worker-16: Building] INFO  o.a.m.s.f.DefaultMavenResourcesFiltering - skip non existing resourceDirectory C:\Users\HP\Desktop\cars\Auto_counsel\auto_counsel\src\test\resources
2025-02-20 13:24:04,219 [Worker-15: Building] INFO  o.a.m.s.f.DefaultMavenResourcesFiltering - Copying 1 resource from src\main\resources to target\classes
2025-02-20 13:24:04,235 [Worker-15: Building] INFO  o.a.m.s.f.DefaultMavenResourcesFiltering - Copying 76 resources from src\main\resources to target\classes
2025-02-20 13:24:04,290 [Worker-15: Building] INFO  o.a.m.s.f.DefaultMavenResourcesFiltering - skip non existing resourceDirectory C:\Users\HP\Desktop\cars\Auto_counsel\auto_counsel\src\test\resources
2025-02-20 13:26:24,276 [Worker-3: Building] INFO  o.a.m.s.f.DefaultMavenResourcesFiltering - Copying 0 resource from src\main\resources to target\classes
2025-02-20 13:26:24,296 [Worker-3: Building] INFO  o.a.m.s.f.DefaultMavenResourcesFiltering - Copying 0 resource from src\main\resources to target\classes
2025-02-20 13:26:24,302 [Worker-3: Building] INFO  o.a.m.s.f.DefaultMavenResourcesFiltering - skip non existing resourceDirectory C:\Users\HP\Desktop\cars\Auto_counsel\auto_counsel\src\test\resources
2025-02-20 13:27:16,000 [Worker-14: Building] INFO  o.a.m.s.f.DefaultMavenResourcesFiltering - Copying 0 resource from src\main\resources to target\classes
2025-02-20 13:27:16,022 [Worker-14: Building] INFO  o.a.m.s.f.DefaultMavenResourcesFiltering - Copying 0 resource from src\main\resources to target\classes
2025-02-20 13:27:16,034 [Worker-14: Building] INFO  o.a.m.s.f.DefaultMavenResourcesFiltering - skip non existing resourceDirectory C:\Users\HP\Desktop\cars\Auto_counsel\auto_counsel\src\test\resources
2025-02-20 13:27:47,536 [Worker-1: Building] INFO  o.a.m.s.f.DefaultMavenResourcesFiltering - Copying 0 resource from src\main\resources to target\classes
2025-02-20 13:27:47,556 [Worker-1: Building] INFO  o.a.m.s.f.DefaultMavenResourcesFiltering - Copying 0 resource from src\main\resources to target\classes
2025-02-20 13:27:47,562 [Worker-1: Building] INFO  o.a.m.s.f.DefaultMavenResourcesFiltering - skip non existing resourceDirectory C:\Users\HP\Desktop\cars\Auto_counsel\auto_counsel\src\test\resources
2025-02-20 13:28:24,278 [Worker-4: Building] INFO  o.a.m.s.f.DefaultMavenResourcesFiltering - Copying 0 resource from src\main\resources to target\classes
2025-02-20 13:28:24,300 [Worker-4: Building] INFO  o.a.m.s.f.DefaultMavenResourcesFiltering - Copying 0 resource from src\main\resources to target\classes
2025-02-20 13:28:24,306 [Worker-4: Building] INFO  o.a.m.s.f.DefaultMavenResourcesFiltering - skip non existing resourceDirectory C:\Users\HP\Desktop\cars\Auto_counsel\auto_counsel\src\test\resources
2025-02-20 13:28:57,501 [Worker-17: Building] INFO  o.a.m.s.f.DefaultMavenResourcesFiltering - Copying 1 resource from src\main\resources to target\classes
2025-02-20 13:28:57,523 [Worker-17: Building] INFO  o.a.m.s.f.DefaultMavenResourcesFiltering - Copying 76 resources from src\main\resources to target\classes
2025-02-20 13:28:57,575 [Worker-17: Building] INFO  o.a.m.s.f.DefaultMavenResourcesFiltering - skip non existing resourceDirectory C:\Users\HP\Desktop\cars\Auto_counsel\auto_counsel\src\test\resources
2025-02-20 13:30:32,721 [Worker-4: Building] INFO  o.a.m.s.f.DefaultMavenResourcesFiltering - Copying 0 resource from src\main\resources to target\classes
2025-02-20 13:30:32,738 [Worker-4: Building] INFO  o.a.m.s.f.DefaultMavenResourcesFiltering - Copying 0 resource from src\main\resources to target\classes
2025-02-20 13:30:32,744 [Worker-4: Building] INFO  o.a.m.s.f.DefaultMavenResourcesFiltering - skip non existing resourceDirectory C:\Users\HP\Desktop\cars\Auto_counsel\auto_counsel\src\test\resources
2025-02-20 13:32:23,397 [Worker-1: Building] INFO  o.a.m.s.f.DefaultMavenResourcesFiltering - Copying 0 resource from src\main\resources to target\classes
2025-02-20 13:32:23,419 [Worker-1: Building] INFO  o.a.m.s.f.DefaultMavenResourcesFiltering - Copying 0 resource from src\main\resources to target\classes
2025-02-20 13:32:23,427 [Worker-1: Building] INFO  o.a.m.s.f.DefaultMavenResourcesFiltering - skip non existing resourceDirectory C:\Users\HP\Desktop\cars\Auto_counsel\auto_counsel\src\test\resources
2025-02-20 13:32:49,588 [Worker-16: Building] INFO  o.a.m.s.f.DefaultMavenResourcesFiltering - Copying 0 resource from src\main\resources to target\classes
2025-02-20 13:32:49,605 [Worker-16: Building] INFO  o.a.m.s.f.DefaultMavenResourcesFiltering - Copying 0 resource from src\main\resources to target\classes
2025-02-20 13:32:49,611 [Worker-16: Building] INFO  o.a.m.s.f.DefaultMavenResourcesFiltering - skip non existing resourceDirectory C:\Users\HP\Desktop\cars\Auto_counsel\auto_counsel\src\test\resources
2025-02-20 13:33:56,549 [Worker-4: Building] INFO  o.a.m.s.f.DefaultMavenResourcesFiltering - Copying 1 resource from src\main\resources to target\classes
2025-02-20 13:33:56,567 [Worker-4: Building] INFO  o.a.m.s.f.DefaultMavenResourcesFiltering - Copying 76 resources from src\main\resources to target\classes
2025-02-20 13:33:56,642 [Worker-4: Building] INFO  o.a.m.s.f.DefaultMavenResourcesFiltering - skip non existing resourceDirectory C:\Users\HP\Desktop\cars\Auto_counsel\auto_counsel\src\test\resources
2025-02-20 13:35:51,457 [Worker-13: Building] INFO  o.a.m.s.f.DefaultMavenResourcesFiltering - Copying 1 resource from src\main\resources to target\classes
2025-02-20 13:35:51,474 [Worker-13: Building] INFO  o.a.m.s.f.DefaultMavenResourcesFiltering - Copying 76 resources from src\main\resources to target\classes
2025-02-20 13:35:51,508 [Worker-13: Building] INFO  o.a.m.s.f.DefaultMavenResourcesFiltering - skip non existing resourceDirectory C:\Users\HP\Desktop\cars\Auto_counsel\auto_counsel\src\test\resources
2025-02-20 13:37:28,243 [Worker-3: Building] INFO  o.a.m.s.f.DefaultMavenResourcesFiltering - Copying 1 resource from src\main\resources to target\classes
2025-02-20 13:37:28,261 [Worker-3: Building] INFO  o.a.m.s.f.DefaultMavenResourcesFiltering - Copying 76 resources from src\main\resources to target\classes
2025-02-20 13:37:28,301 [Worker-3: Building] INFO  o.a.m.s.f.DefaultMavenResourcesFiltering - skip non existing resourceDirectory C:\Users\HP\Desktop\cars\Auto_counsel\auto_counsel\src\test\resources
2025-02-20 13:38:39,412 [Worker-13: Building] INFO  o.a.m.s.f.DefaultMavenResourcesFiltering - Copying 1 resource from src\main\resources to target\classes
2025-02-20 13:38:39,431 [Worker-13: Building] INFO  o.a.m.s.f.DefaultMavenResourcesFiltering - Copying 76 resources from src\main\resources to target\classes
2025-02-20 13:38:39,499 [Worker-13: Building] INFO  o.a.m.s.f.DefaultMavenResourcesFiltering - skip non existing resourceDirectory C:\Users\HP\Desktop\cars\Auto_counsel\auto_counsel\src\test\resources
2025-02-20 13:39:30,645 [Worker-16: Building] INFO  o.a.m.s.f.DefaultMavenResourcesFiltering - Copying 0 resource from src\main\resources to target\classes
2025-02-20 13:39:30,659 [Worker-16: Building] INFO  o.a.m.s.f.DefaultMavenResourcesFiltering - Copying 0 resource from src\main\resources to target\classes
2025-02-20 13:39:30,663 [Worker-16: Building] INFO  o.a.m.s.f.DefaultMavenResourcesFiltering - skip non existing resourceDirectory C:\Users\HP\Desktop\cars\Auto_counsel\auto_counsel\src\test\resources
2025-02-20 13:39:59,571 [Worker-1: Building] INFO  o.a.m.s.f.DefaultMavenResourcesFiltering - Copying 0 resource from src\main\resources to target\classes
2025-02-20 13:39:59,585 [Worker-1: Building] INFO  o.a.m.s.f.DefaultMavenResourcesFiltering - Copying 0 resource from src\main\resources to target\classes
2025-02-20 13:39:59,589 [Worker-1: Building] INFO  o.a.m.s.f.DefaultMavenResourcesFiltering - skip non existing resourceDirectory C:\Users\HP\Desktop\cars\Auto_counsel\auto_counsel\src\test\resources
2025-02-20 13:40:15,002 [Worker-17: Building] INFO  o.a.m.s.f.DefaultMavenResourcesFiltering - Copying 0 resource from src\main\resources to target\classes
2025-02-20 13:40:15,015 [Worker-17: Building] INFO  o.a.m.s.f.DefaultMavenResourcesFiltering - Copying 0 resource from src\main\resources to target\classes
2025-02-20 13:40:15,022 [Worker-17: Building] INFO  o.a.m.s.f.DefaultMavenResourcesFiltering - skip non existing resourceDirectory C:\Users\HP\Desktop\cars\Auto_counsel\auto_counsel\src\test\resources
2025-02-20 13:41:34,760 [Worker-3: Building] INFO  o.a.m.s.f.DefaultMavenResourcesFiltering - Copying 1 resource from src\main\resources to target\classes
2025-02-20 13:41:34,780 [Worker-3: Building] INFO  o.a.m.s.f.DefaultMavenResourcesFiltering - Copying 76 resources from src\main\resources to target\classes
2025-02-20 13:41:34,827 [Worker-3: Building] INFO  o.a.m.s.f.DefaultMavenResourcesFiltering - skip non existing resourceDirectory C:\Users\HP\Desktop\cars\Auto_counsel\auto_counsel\src\test\resources
2025-02-20 13:42:53,725 [Worker-13: Building] INFO  o.a.m.s.f.DefaultMavenResourcesFiltering - Copying 1 resource from src\main\resources to target\classes
2025-02-20 13:42:53,744 [Worker-13: Building] INFO  o.a.m.s.f.DefaultMavenResourcesFiltering - Copying 76 resources from src\main\resources to target\classes
2025-02-20 13:42:53,812 [Worker-13: Building] INFO  o.a.m.s.f.DefaultMavenResourcesFiltering - skip non existing resourceDirectory C:\Users\HP\Desktop\cars\Auto_counsel\auto_counsel\src\test\resources
2025-02-20 13:43:38,007 [Worker-4: Building] INFO  o.a.m.s.f.DefaultMavenResourcesFiltering - Copying 0 resource from src\main\resources to target\classes
2025-02-20 13:43:38,024 [Worker-4: Building] INFO  o.a.m.s.f.DefaultMavenResourcesFiltering - Copying 0 resource from src\main\resources to target\classes
2025-02-20 13:43:38,030 [Worker-4: Building] INFO  o.a.m.s.f.DefaultMavenResourcesFiltering - skip non existing resourceDirectory C:\Users\HP\Desktop\cars\Auto_counsel\auto_counsel\src\test\resources
2025-02-20 13:43:52,528 [Worker-18: Building] INFO  o.a.m.s.f.DefaultMavenResourcesFiltering - Copying 1 resource from src\main\resources to target\classes
2025-02-20 13:43:52,544 [Worker-18: Building] INFO  o.a.m.s.f.DefaultMavenResourcesFiltering - Copying 76 resources from src\main\resources to target\classes
2025-02-20 13:43:52,579 [Worker-18: Building] INFO  o.a.m.s.f.DefaultMavenResourcesFiltering - skip non existing resourceDirectory C:\Users\HP\Desktop\cars\Auto_counsel\auto_counsel\src\test\resources
2025-02-20 13:44:54,369 [Worker-18: Building] INFO  o.a.m.s.f.DefaultMavenResourcesFiltering - Copying 1 resource from src\main\resources to target\classes
2025-02-20 13:44:54,392 [Worker-18: Building] INFO  o.a.m.s.f.DefaultMavenResourcesFiltering - Copying 76 resources from src\main\resources to target\classes
2025-02-20 13:44:54,435 [Worker-18: Building] INFO  o.a.m.s.f.DefaultMavenResourcesFiltering - skip non existing resourceDirectory C:\Users\HP\Desktop\cars\Auto_counsel\auto_counsel\src\test\resources
2025-02-20 13:46:46,988 [Worker-13: Building] INFO  o.a.m.s.f.DefaultMavenResourcesFiltering - Copying 1 resource from src\main\resources to target\classes
2025-02-20 13:46:47,005 [Worker-13: Building] INFO  o.a.m.s.f.DefaultMavenResourcesFiltering - Copying 76 resources from src\main\resources to target\classes
2025-02-20 13:46:47,055 [Worker-13: Building] INFO  o.a.m.s.f.DefaultMavenResourcesFiltering - skip non existing resourceDirectory C:\Users\HP\Desktop\cars\Auto_counsel\auto_counsel\src\test\resources
2025-02-20 13:47:55,810 [Worker-18: Building] INFO  o.a.m.s.f.DefaultMavenResourcesFiltering - Copying 1 resource from src\main\resources to target\classes
2025-02-20 13:47:55,833 [Worker-18: Building] INFO  o.a.m.s.f.DefaultMavenResourcesFiltering - Copying 76 resources from src\main\resources to target\classes
2025-02-20 13:47:55,882 [Worker-18: Building] INFO  o.a.m.s.f.DefaultMavenResourcesFiltering - skip non existing resourceDirectory C:\Users\HP\Desktop\cars\Auto_counsel\auto_counsel\src\test\resources
2025-02-20 15:01:47,419 [Worker-21: Building] INFO  o.a.m.s.f.DefaultMavenResourcesFiltering - Copying 1 resource from src\main\resources to target\classes
2025-02-20 15:01:47,443 [Worker-21: Building] INFO  o.a.m.s.f.DefaultMavenResourcesFiltering - Copying 76 resources from src\main\resources to target\classes
2025-02-20 15:01:47,501 [Worker-21: Building] INFO  o.a.m.s.f.DefaultMavenResourcesFiltering - skip non existing resourceDirectory C:\Users\HP\Desktop\cars\Auto_counsel\auto_counsel\src\test\resources
2025-02-20 15:04:18,492 [Worker-4: Building] INFO  o.a.m.s.f.DefaultMavenResourcesFiltering - Copying 1 resource from src\main\resources to target\classes
2025-02-20 15:04:18,508 [Worker-4: Building] INFO  o.a.m.s.f.DefaultMavenResourcesFiltering - Copying 76 resources from src\main\resources to target\classes
2025-02-20 15:04:18,547 [Worker-4: Building] INFO  o.a.m.s.f.DefaultMavenResourcesFiltering - skip non existing resourceDirectory C:\Users\HP\Desktop\cars\Auto_counsel\auto_counsel\src\test\resources
2025-02-20 15:04:44,541 [Worker-21: Building] INFO  o.a.m.s.f.DefaultMavenResourcesFiltering - Copying 1 resource from src\main\resources to target\classes
2025-02-20 15:04:44,557 [Worker-21: Building] INFO  o.a.m.s.f.DefaultMavenResourcesFiltering - Copying 76 resources from src\main\resources to target\classes
2025-02-20 15:04:44,614 [Worker-21: Building] INFO  o.a.m.s.f.DefaultMavenResourcesFiltering - skip non existing resourceDirectory C:\Users\HP\Desktop\cars\Auto_counsel\auto_counsel\src\test\resources
2025-02-20 15:04:54,433 [Worker-20: Building] INFO  o.a.m.s.f.DefaultMavenResourcesFiltering - Copying 1 resource from src\main\resources to target\classes
2025-02-20 15:04:54,449 [Worker-20: Building] INFO  o.a.m.s.f.DefaultMavenResourcesFiltering - Copying 76 resources from src\main\resources to target\classes
2025-02-20 15:04:54,496 [Worker-20: Building] INFO  o.a.m.s.f.DefaultMavenResourcesFiltering - skip non existing resourceDirectory C:\Users\HP\Desktop\cars\Auto_counsel\auto_counsel\src\test\resources
2025-02-20 15:07:01,429 [Worker-23: Building] INFO  o.a.m.s.f.DefaultMavenResourcesFiltering - Copying 1 resource from src\main\resources to target\classes
2025-02-20 15:07:01,462 [Worker-23: Building] INFO  o.a.m.s.f.DefaultMavenResourcesFiltering - Copying 76 resources from src\main\resources to target\classes
2025-02-20 15:07:01,512 [Worker-23: Building] INFO  o.a.m.s.f.DefaultMavenResourcesFiltering - skip non existing resourceDirectory C:\Users\HP\Desktop\cars\Auto_counsel\auto_counsel\src\test\resources
2025-02-20 15:07:09,743 [Worker-4: Building] INFO  o.a.m.s.f.DefaultMavenResourcesFiltering - Copying 1 resource from src\main\resources to target\classes
2025-02-20 15:07:09,776 [Worker-4: Building] INFO  o.a.m.s.f.DefaultMavenResourcesFiltering - Copying 76 resources from src\main\resources to target\classes
2025-02-20 15:07:09,819 [Worker-4: Building] INFO  o.a.m.s.f.DefaultMavenResourcesFiltering - skip non existing resourceDirectory C:\Users\HP\Desktop\cars\Auto_counsel\auto_counsel\src\test\resources
2025-02-20 15:08:10,059 [Worker-23: Building] INFO  o.a.m.s.f.DefaultMavenResourcesFiltering - Copying 1 resource from src\main\resources to target\classes
2025-02-20 15:08:10,149 [Worker-23: Building] INFO  o.a.m.s.f.DefaultMavenResourcesFiltering - Copying 76 resources from src\main\resources to target\classes
2025-02-20 15:08:10,204 [Worker-23: Building] INFO  o.a.m.s.f.DefaultMavenResourcesFiltering - skip non existing resourceDirectory C:\Users\HP\Desktop\cars\Auto_counsel\auto_counsel\src\test\resources
2025-02-20 15:08:18,737 [Worker-22: Building] INFO  o.a.m.s.f.DefaultMavenResourcesFiltering - Copying 1 resource from src\main\resources to target\classes
2025-02-20 15:08:18,754 [Worker-22: Building] INFO  o.a.m.s.f.DefaultMavenResourcesFiltering - Copying 76 resources from src\main\resources to target\classes
2025-02-20 15:08:18,794 [Worker-22: Building] INFO  o.a.m.s.f.DefaultMavenResourcesFiltering - skip non existing resourceDirectory C:\Users\HP\Desktop\cars\Auto_counsel\auto_counsel\src\test\resources
2025-02-20 15:08:38,753 [Worker-22: Building] INFO  o.a.m.s.f.DefaultMavenResourcesFiltering - Copying 1 resource from src\main\resources to target\classes
2025-02-20 15:08:38,771 [Worker-22: Building] INFO  o.a.m.s.f.DefaultMavenResourcesFiltering - Copying 76 resources from src\main\resources to target\classes
2025-02-20 15:08:38,816 [Worker-22: Building] INFO  o.a.m.s.f.DefaultMavenResourcesFiltering - skip non existing resourceDirectory C:\Users\HP\Desktop\cars\Auto_counsel\auto_counsel\src\test\resources
2025-02-20 15:09:22,174 [Worker-23: Building] INFO  o.a.m.s.f.DefaultMavenResourcesFiltering - Copying 1 resource from src\main\resources to target\classes
2025-02-20 15:09:22,192 [Worker-23: Building] INFO  o.a.m.s.f.DefaultMavenResourcesFiltering - Copying 76 resources from src\main\resources to target\classes
2025-02-20 15:09:22,252 [Worker-23: Building] INFO  o.a.m.s.f.DefaultMavenResourcesFiltering - skip non existing resourceDirectory C:\Users\HP\Desktop\cars\Auto_counsel\auto_counsel\src\test\resources
2025-02-20 15:10:06,579 [Worker-21: Building] INFO  o.a.m.s.f.DefaultMavenResourcesFiltering - Copying 1 resource from src\main\resources to target\classes
2025-02-20 15:10:06,599 [Worker-21: Building] INFO  o.a.m.s.f.DefaultMavenResourcesFiltering - Copying 76 resources from src\main\resources to target\classes
2025-02-20 15:10:06,643 [Worker-21: Building] INFO  o.a.m.s.f.DefaultMavenResourcesFiltering - skip non existing resourceDirectory C:\Users\HP\Desktop\cars\Auto_counsel\auto_counsel\src\test\resources
2025-02-20 15:13:07,947 [Worker-20: Building] INFO  o.a.m.s.f.DefaultMavenResourcesFiltering - Copying 1 resource from src\main\resources to target\classes
2025-02-20 15:13:07,965 [Worker-20: Building] INFO  o.a.m.s.f.DefaultMavenResourcesFiltering - Copying 76 resources from src\main\resources to target\classes
2025-02-20 15:13:08,002 [Worker-20: Building] INFO  o.a.m.s.f.DefaultMavenResourcesFiltering - skip non existing resourceDirectory C:\Users\HP\Desktop\cars\Auto_counsel\auto_counsel\src\test\resources
2025-02-20 15:14:00,894 [Worker-23: Building] INFO  o.a.m.s.f.DefaultMavenResourcesFiltering - Copying 1 resource from src\main\resources to target\classes
2025-02-20 15:14:00,911 [Worker-23: Building] INFO  o.a.m.s.f.DefaultMavenResourcesFiltering - Copying 76 resources from src\main\resources to target\classes
2025-02-20 15:14:00,961 [Worker-23: Building] INFO  o.a.m.s.f.DefaultMavenResourcesFiltering - skip non existing resourceDirectory C:\Users\HP\Desktop\cars\Auto_counsel\auto_counsel\src\test\resources
2025-02-20 15:14:30,237 [Worker-22: Building] INFO  o.a.m.s.f.DefaultMavenResourcesFiltering - Copying 1 resource from src\main\resources to target\classes
2025-02-20 15:14:30,287 [Worker-22: Building] INFO  o.a.m.s.f.DefaultMavenResourcesFiltering - Copying 76 resources from src\main\resources to target\classes
2025-02-20 15:14:30,342 [Worker-22: Building] INFO  o.a.m.s.f.DefaultMavenResourcesFiltering - skip non existing resourceDirectory C:\Users\HP\Desktop\cars\Auto_counsel\auto_counsel\src\test\resources
2025-02-20 15:15:53,192 [Worker-23: Building] INFO  o.a.m.s.f.DefaultMavenResourcesFiltering - Copying 1 resource from src\main\resources to target\classes
2025-02-20 15:15:53,212 [Worker-23: Building] INFO  o.a.m.s.f.DefaultMavenResourcesFiltering - Copying 76 resources from src\main\resources to target\classes
2025-02-20 15:15:53,252 [Worker-23: Building] INFO  o.a.m.s.f.DefaultMavenResourcesFiltering - skip non existing resourceDirectory C:\Users\HP\Desktop\cars\Auto_counsel\auto_counsel\src\test\resources
2025-02-20 15:16:32,712 [Worker-20: Building] INFO  o.a.m.s.f.DefaultMavenResourcesFiltering - Copying 1 resource from src\main\resources to target\classes
2025-02-20 15:16:32,725 [Worker-20: Building] INFO  o.a.m.s.f.DefaultMavenResourcesFiltering - Copying 76 resources from src\main\resources to target\classes
2025-02-20 15:16:32,763 [Worker-20: Building] INFO  o.a.m.s.f.DefaultMavenResourcesFiltering - skip non existing resourceDirectory C:\Users\HP\Desktop\cars\Auto_counsel\auto_counsel\src\test\resources
2025-02-20 15:17:28,156 [Worker-4: Building] INFO  o.a.m.s.f.DefaultMavenResourcesFiltering - Copying 1 resource from src\main\resources to target\classes
2025-02-20 15:17:28,179 [Worker-4: Building] INFO  o.a.m.s.f.DefaultMavenResourcesFiltering - Copying 76 resources from src\main\resources to target\classes
2025-02-20 15:17:28,229 [Worker-4: Building] INFO  o.a.m.s.f.DefaultMavenResourcesFiltering - skip non existing resourceDirectory C:\Users\HP\Desktop\cars\Auto_counsel\auto_counsel\src\test\resources
2025-02-20 15:18:18,055 [Worker-3: Building] INFO  o.a.m.s.f.DefaultMavenResourcesFiltering - Copying 1 resource from src\main\resources to target\classes
2025-02-20 15:18:18,083 [Worker-3: Building] INFO  o.a.m.s.f.DefaultMavenResourcesFiltering - Copying 76 resources from src\main\resources to target\classes
2025-02-20 15:18:18,129 [Worker-3: Building] INFO  o.a.m.s.f.DefaultMavenResourcesFiltering - skip non existing resourceDirectory C:\Users\HP\Desktop\cars\Auto_counsel\auto_counsel\src\test\resources
2025-02-20 15:18:40,948 [Worker-21: Building] INFO  o.a.m.s.f.DefaultMavenResourcesFiltering - Copying 1 resource from src\main\resources to target\classes
2025-02-20 15:18:40,964 [Worker-21: Building] INFO  o.a.m.s.f.DefaultMavenResourcesFiltering - Copying 76 resources from src\main\resources to target\classes
2025-02-20 15:18:41,025 [Worker-21: Building] INFO  o.a.m.s.f.DefaultMavenResourcesFiltering - skip non existing resourceDirectory C:\Users\HP\Desktop\cars\Auto_counsel\auto_counsel\src\test\resources
2025-02-20 15:20:06,886 [Worker-22: Building] INFO  o.a.m.s.f.DefaultMavenResourcesFiltering - Copying 1 resource from src\main\resources to target\classes
2025-02-20 15:20:06,915 [Worker-22: Building] INFO  o.a.m.s.f.DefaultMavenResourcesFiltering - Copying 76 resources from src\main\resources to target\classes
2025-02-20 15:20:06,952 [Worker-22: Building] INFO  o.a.m.s.f.DefaultMavenResourcesFiltering - skip non existing resourceDirectory C:\Users\HP\Desktop\cars\Auto_counsel\auto_counsel\src\test\resources
2025-02-20 15:20:59,207 [Worker-24: Building] INFO  o.a.m.s.f.DefaultMavenResourcesFiltering - Copying 1 resource from src\main\resources to target\classes
2025-02-20 15:20:59,229 [Worker-24: Building] INFO  o.a.m.s.f.DefaultMavenResourcesFiltering - Copying 76 resources from src\main\resources to target\classes
2025-02-20 15:20:59,279 [Worker-24: Building] INFO  o.a.m.s.f.DefaultMavenResourcesFiltering - skip non existing resourceDirectory C:\Users\HP\Desktop\cars\Auto_counsel\auto_counsel\src\test\resources
2025-02-20 15:23:07,202 [Worker-24: Building] INFO  o.a.m.s.f.DefaultMavenResourcesFiltering - Copying 1 resource from src\main\resources to target\classes
2025-02-20 15:23:07,218 [Worker-24: Building] INFO  o.a.m.s.f.DefaultMavenResourcesFiltering - Copying 76 resources from src\main\resources to target\classes
2025-02-20 15:23:07,257 [Worker-24: Building] INFO  o.a.m.s.f.DefaultMavenResourcesFiltering - skip non existing resourceDirectory C:\Users\HP\Desktop\cars\Auto_counsel\auto_counsel\src\test\resources
2025-02-20 15:24:02,414 [Worker-24: Building] INFO  o.a.m.s.f.DefaultMavenResourcesFiltering - Copying 1 resource from src\main\resources to target\classes
2025-02-20 15:24:02,428 [Worker-24: Building] INFO  o.a.m.s.f.DefaultMavenResourcesFiltering - Copying 76 resources from src\main\resources to target\classes
2025-02-20 15:24:02,464 [Worker-24: Building] INFO  o.a.m.s.f.DefaultMavenResourcesFiltering - skip non existing resourceDirectory C:\Users\HP\Desktop\cars\Auto_counsel\auto_counsel\src\test\resources
2025-02-20 15:24:37,604 [Worker-22: Building] INFO  o.a.m.s.f.DefaultMavenResourcesFiltering - Copying 1 resource from src\main\resources to target\classes
2025-02-20 15:24:37,647 [Worker-22: Building] INFO  o.a.m.s.f.DefaultMavenResourcesFiltering - Copying 76 resources from src\main\resources to target\classes
2025-02-20 15:24:37,687 [Worker-22: Building] INFO  o.a.m.s.f.DefaultMavenResourcesFiltering - skip non existing resourceDirectory C:\Users\HP\Desktop\cars\Auto_counsel\auto_counsel\src\test\resources
2025-02-20 15:26:11,290 [Worker-20: Building] INFO  o.a.m.s.f.DefaultMavenResourcesFiltering - Copying 1 resource from src\main\resources to target\classes
2025-02-20 15:26:11,325 [Worker-20: Building] INFO  o.a.m.s.f.DefaultMavenResourcesFiltering - Copying 76 resources from src\main\resources to target\classes
2025-02-20 15:26:11,373 [Worker-20: Building] INFO  o.a.m.s.f.DefaultMavenResourcesFiltering - skip non existing resourceDirectory C:\Users\HP\Desktop\cars\Auto_counsel\auto_counsel\src\test\resources
2025-02-20 15:27:34,262 [Worker-23: Building] INFO  o.a.m.s.f.DefaultMavenResourcesFiltering - Copying 1 resource from src\main\resources to target\classes
2025-02-20 15:27:34,302 [Worker-23: Building] INFO  o.a.m.s.f.DefaultMavenResourcesFiltering - Copying 76 resources from src\main\resources to target\classes
2025-02-20 15:27:34,347 [Worker-23: Building] INFO  o.a.m.s.f.DefaultMavenResourcesFiltering - skip non existing resourceDirectory C:\Users\HP\Desktop\cars\Auto_counsel\auto_counsel\src\test\resources
2025-02-20 15:28:02,934 [Worker-25: Building] INFO  o.a.m.s.f.DefaultMavenResourcesFiltering - Copying 1 resource from src\main\resources to target\classes
2025-02-20 15:28:02,970 [Worker-25: Building] INFO  o.a.m.s.f.DefaultMavenResourcesFiltering - Copying 76 resources from src\main\resources to target\classes
2025-02-20 15:28:03,013 [Worker-25: Building] INFO  o.a.m.s.f.DefaultMavenResourcesFiltering - skip non existing resourceDirectory C:\Users\HP\Desktop\cars\Auto_counsel\auto_counsel\src\test\resources
2025-02-20 15:28:57,286 [Worker-4: Building] INFO  o.a.m.s.f.DefaultMavenResourcesFiltering - Copying 1 resource from src\main\resources to target\classes
2025-02-20 15:28:57,314 [Worker-4: Building] INFO  o.a.m.s.f.DefaultMavenResourcesFiltering - Copying 76 resources from src\main\resources to target\classes
2025-02-20 15:28:57,437 [Worker-4: Building] INFO  o.a.m.s.f.DefaultMavenResourcesFiltering - skip non existing resourceDirectory C:\Users\HP\Desktop\cars\Auto_counsel\auto_counsel\src\test\resources
2025-02-20 15:29:17,414 [Worker-21: Building] INFO  o.a.m.s.f.DefaultMavenResourcesFiltering - Copying 1 resource from src\main\resources to target\classes
2025-02-20 15:29:17,443 [Worker-21: Building] INFO  o.a.m.s.f.DefaultMavenResourcesFiltering - Copying 76 resources from src\main\resources to target\classes
2025-02-20 15:29:17,485 [Worker-21: Building] INFO  o.a.m.s.f.DefaultMavenResourcesFiltering - skip non existing resourceDirectory C:\Users\HP\Desktop\cars\Auto_counsel\auto_counsel\src\test\resources
2025-02-20 15:29:49,007 [Worker-21: Building] INFO  o.a.m.s.f.DefaultMavenResourcesFiltering - Copying 1 resource from src\main\resources to target\classes
2025-02-20 15:29:49,024 [Worker-21: Building] INFO  o.a.m.s.f.DefaultMavenResourcesFiltering - Copying 76 resources from src\main\resources to target\classes
2025-02-20 15:29:49,059 [Worker-21: Building] INFO  o.a.m.s.f.DefaultMavenResourcesFiltering - skip non existing resourceDirectory C:\Users\HP\Desktop\cars\Auto_counsel\auto_counsel\src\test\resources
2025-02-20 15:30:08,808 [Worker-23: Building] INFO  o.a.m.s.f.DefaultMavenResourcesFiltering - Copying 1 resource from src\main\resources to target\classes
2025-02-20 15:30:08,823 [Worker-23: Building] INFO  o.a.m.s.f.DefaultMavenResourcesFiltering - Copying 76 resources from src\main\resources to target\classes
2025-02-20 15:30:08,861 [Worker-23: Building] INFO  o.a.m.s.f.DefaultMavenResourcesFiltering - skip non existing resourceDirectory C:\Users\HP\Desktop\cars\Auto_counsel\auto_counsel\src\test\resources
2025-02-20 15:30:11,884 [Worker-23: Building] INFO  o.a.m.s.f.DefaultMavenResourcesFiltering - Copying 1 resource from src\main\resources to target\classes
2025-02-20 15:30:11,901 [Worker-23: Building] INFO  o.a.m.s.f.DefaultMavenResourcesFiltering - Copying 76 resources from src\main\resources to target\classes
2025-02-20 15:30:11,950 [Worker-23: Building] INFO  o.a.m.s.f.DefaultMavenResourcesFiltering - skip non existing resourceDirectory C:\Users\HP\Desktop\cars\Auto_counsel\auto_counsel\src\test\resources
2025-02-20 15:32:53,316 [Worker-24: Building] INFO  o.a.m.s.f.DefaultMavenResourcesFiltering - Copying 1 resource from src\main\resources to target\classes
2025-02-20 15:32:53,373 [Worker-24: Building] INFO  o.a.m.s.f.DefaultMavenResourcesFiltering - Copying 76 resources from src\main\resources to target\classes
2025-02-20 15:32:53,440 [Worker-24: Building] INFO  o.a.m.s.f.DefaultMavenResourcesFiltering - skip non existing resourceDirectory C:\Users\HP\Desktop\cars\Auto_counsel\auto_counsel\src\test\resources
2025-02-20 15:34:32,361 [Worker-25: Building] INFO  o.a.m.s.f.DefaultMavenResourcesFiltering - Copying 1 resource from src\main\resources to target\classes
2025-02-20 15:34:32,377 [Worker-25: Building] INFO  o.a.m.s.f.DefaultMavenResourcesFiltering - Copying 76 resources from src\main\resources to target\classes
2025-02-20 15:34:32,521 [Worker-25: Building] INFO  o.a.m.s.f.DefaultMavenResourcesFiltering - skip non existing resourceDirectory C:\Users\HP\Desktop\cars\Auto_counsel\auto_counsel\src\test\resources
2025-02-20 15:34:43,787 [Worker-4: Building] INFO  o.a.m.s.f.DefaultMavenResourcesFiltering - Copying 1 resource from src\main\resources to target\classes
2025-02-20 15:34:43,806 [Worker-4: Building] INFO  o.a.m.s.f.DefaultMavenResourcesFiltering - Copying 76 resources from src\main\resources to target\classes
2025-02-20 15:34:43,841 [Worker-4: Building] INFO  o.a.m.s.f.DefaultMavenResourcesFiltering - skip non existing resourceDirectory C:\Users\HP\Desktop\cars\Auto_counsel\auto_counsel\src\test\resources
2025-02-20 15:35:15,354 [Worker-20: Building] INFO  o.a.m.s.f.DefaultMavenResourcesFiltering - Copying 1 resource from src\main\resources to target\classes
2025-02-20 15:35:15,375 [Worker-20: Building] INFO  o.a.m.s.f.DefaultMavenResourcesFiltering - Copying 76 resources from src\main\resources to target\classes
2025-02-20 15:35:15,428 [Worker-20: Building] INFO  o.a.m.s.f.DefaultMavenResourcesFiltering - skip non existing resourceDirectory C:\Users\HP\Desktop\cars\Auto_counsel\auto_counsel\src\test\resources
2025-02-20 15:36:03,768 [Worker-20: Building] INFO  o.a.m.s.f.DefaultMavenResourcesFiltering - Copying 1 resource from src\main\resources to target\classes
2025-02-20 15:36:03,787 [Worker-20: Building] INFO  o.a.m.s.f.DefaultMavenResourcesFiltering - Copying 76 resources from src\main\resources to target\classes
2025-02-20 15:36:03,834 [Worker-20: Building] INFO  o.a.m.s.f.DefaultMavenResourcesFiltering - skip non existing resourceDirectory C:\Users\HP\Desktop\cars\Auto_counsel\auto_counsel\src\test\resources
2025-02-20 15:36:23,352 [Worker-20: Building] INFO  o.a.m.s.f.DefaultMavenResourcesFiltering - Copying 1 resource from src\main\resources to target\classes
2025-02-20 15:36:23,370 [Worker-20: Building] INFO  o.a.m.s.f.DefaultMavenResourcesFiltering - Copying 76 resources from src\main\resources to target\classes
2025-02-20 15:36:23,408 [Worker-20: Building] INFO  o.a.m.s.f.DefaultMavenResourcesFiltering - skip non existing resourceDirectory C:\Users\HP\Desktop\cars\Auto_counsel\auto_counsel\src\test\resources
2025-02-20 15:38:40,984 [Worker-4: Building] INFO  o.a.m.s.f.DefaultMavenResourcesFiltering - Copying 1 resource from src\main\resources to target\classes
2025-02-20 15:38:41,001 [Worker-4: Building] INFO  o.a.m.s.f.DefaultMavenResourcesFiltering - Copying 76 resources from src\main\resources to target\classes
2025-02-20 15:38:41,063 [Worker-4: Building] INFO  o.a.m.s.f.DefaultMavenResourcesFiltering - skip non existing resourceDirectory C:\Users\HP\Desktop\cars\Auto_counsel\auto_counsel\src\test\resources
2025-02-20 15:38:48,388 [Worker-27: Building] INFO  o.a.m.s.f.DefaultMavenResourcesFiltering - Copying 1 resource from src\main\resources to target\classes
2025-02-20 15:38:48,404 [Worker-27: Building] INFO  o.a.m.s.f.DefaultMavenResourcesFiltering - Copying 76 resources from src\main\resources to target\classes
2025-02-20 15:38:48,450 [Worker-27: Building] INFO  o.a.m.s.f.DefaultMavenResourcesFiltering - skip non existing resourceDirectory C:\Users\HP\Desktop\cars\Auto_counsel\auto_counsel\src\test\resources
2025-02-20 15:41:54,607 [Worker-3: Building] INFO  o.a.m.s.f.DefaultMavenResourcesFiltering - Copying 0 resource from src\main\resources to target\classes
2025-02-20 15:41:54,625 [Worker-3: Building] INFO  o.a.m.s.f.DefaultMavenResourcesFiltering - Copying 0 resource from src\main\resources to target\classes
2025-02-20 15:41:54,629 [Worker-3: Building] INFO  o.a.m.s.f.DefaultMavenResourcesFiltering - skip non existing resourceDirectory C:\Users\HP\Desktop\cars\Auto_counsel\auto_counsel\src\test\resources
2025-02-20 15:42:24,919 [Worker-21: Building] INFO  o.a.m.s.f.DefaultMavenResourcesFiltering - Copying 1 resource from src\main\resources to target\classes
2025-02-20 15:42:24,939 [Worker-21: Building] INFO  o.a.m.s.f.DefaultMavenResourcesFiltering - Copying 76 resources from src\main\resources to target\classes
2025-02-20 15:42:24,987 [Worker-21: Building] INFO  o.a.m.s.f.DefaultMavenResourcesFiltering - skip non existing resourceDirectory C:\Users\HP\Desktop\cars\Auto_counsel\auto_counsel\src\test\resources
2025-02-20 15:43:05,769 [Worker-3: Building] INFO  o.a.m.s.f.DefaultMavenResourcesFiltering - Copying 1 resource from src\main\resources to target\classes
2025-02-20 15:43:05,793 [Worker-3: Building] INFO  o.a.m.s.f.DefaultMavenResourcesFiltering - Copying 76 resources from src\main\resources to target\classes
2025-02-20 15:43:05,840 [Worker-3: Building] INFO  o.a.m.s.f.DefaultMavenResourcesFiltering - skip non existing resourceDirectory C:\Users\HP\Desktop\cars\Auto_counsel\auto_counsel\src\test\resources
2025-02-20 15:43:43,345 [Worker-21: Building] INFO  o.a.m.s.f.DefaultMavenResourcesFiltering - Copying 1 resource from src\main\resources to target\classes
2025-02-20 15:43:43,362 [Worker-21: Building] INFO  o.a.m.s.f.DefaultMavenResourcesFiltering - Copying 76 resources from src\main\resources to target\classes
2025-02-20 15:43:43,434 [Worker-21: Building] INFO  o.a.m.s.f.DefaultMavenResourcesFiltering - skip non existing resourceDirectory C:\Users\HP\Desktop\cars\Auto_counsel\auto_counsel\src\test\resources
2025-02-20 15:44:20,489 [Worker-20: Building] INFO  o.a.m.s.f.DefaultMavenResourcesFiltering - Copying 1 resource from src\main\resources to target\classes
2025-02-20 15:44:20,509 [Worker-20: Building] INFO  o.a.m.s.f.DefaultMavenResourcesFiltering - Copying 76 resources from src\main\resources to target\classes
2025-02-20 15:44:20,562 [Worker-20: Building] INFO  o.a.m.s.f.DefaultMavenResourcesFiltering - skip non existing resourceDirectory C:\Users\HP\Desktop\cars\Auto_counsel\auto_counsel\src\test\resources
2025-02-20 15:44:44,308 [Worker-27: Building] INFO  o.a.m.s.f.DefaultMavenResourcesFiltering - Copying 1 resource from src\main\resources to target\classes
2025-02-20 15:44:44,326 [Worker-27: Building] INFO  o.a.m.s.f.DefaultMavenResourcesFiltering - Copying 76 resources from src\main\resources to target\classes
2025-02-20 15:44:44,370 [Worker-27: Building] INFO  o.a.m.s.f.DefaultMavenResourcesFiltering - skip non existing resourceDirectory C:\Users\HP\Desktop\cars\Auto_counsel\auto_counsel\src\test\resources
2025-02-20 15:57:20,236 [Worker-23: Building] INFO  o.a.m.s.f.DefaultMavenResourcesFiltering - Copying 1 resource from src\main\resources to target\classes
2025-02-20 15:57:20,252 [Worker-23: Building] INFO  o.a.m.s.f.DefaultMavenResourcesFiltering - Copying 76 resources from src\main\resources to target\classes
2025-02-20 15:57:20,286 [Worker-23: Building] INFO  o.a.m.s.f.DefaultMavenResourcesFiltering - skip non existing resourceDirectory C:\Users\HP\Desktop\cars\Auto_counsel\auto_counsel\src\test\resources
2025-02-20 15:59:46,329 [Worker-27: Building] INFO  o.a.m.s.f.DefaultMavenResourcesFiltering - Copying 1 resource from src\main\resources to target\classes
2025-02-20 15:59:46,348 [Worker-27: Building] INFO  o.a.m.s.f.DefaultMavenResourcesFiltering - Copying 76 resources from src\main\resources to target\classes
2025-02-20 15:59:46,394 [Worker-27: Building] INFO  o.a.m.s.f.DefaultMavenResourcesFiltering - skip non existing resourceDirectory C:\Users\HP\Desktop\cars\Auto_counsel\auto_counsel\src\test\resources
2025-02-20 15:59:47,947 [Worker-22: Building] INFO  o.a.m.s.f.DefaultMavenResourcesFiltering - Copying 1 resource from src\main\resources to target\classes
2025-02-20 15:59:48,007 [Worker-22: Building] INFO  o.a.m.s.f.DefaultMavenResourcesFiltering - Copying 76 resources from src\main\resources to target\classes
2025-02-20 15:59:48,052 [Worker-22: Building] INFO  o.a.m.s.f.DefaultMavenResourcesFiltering - skip non existing resourceDirectory C:\Users\HP\Desktop\cars\Auto_counsel\auto_counsel\src\test\resources
2025-02-20 16:00:19,205 [Worker-22: Building] INFO  o.a.m.s.f.DefaultMavenResourcesFiltering - Copying 1 resource from src\main\resources to target\classes
2025-02-20 16:00:19,224 [Worker-22: Building] INFO  o.a.m.s.f.DefaultMavenResourcesFiltering - Copying 76 resources from src\main\resources to target\classes
2025-02-20 16:00:19,275 [Worker-22: Building] INFO  o.a.m.s.f.DefaultMavenResourcesFiltering - skip non existing resourceDirectory C:\Users\HP\Desktop\cars\Auto_counsel\auto_counsel\src\test\resources
2025-02-20 16:01:17,938 [Worker-28: Building] INFO  o.a.m.s.f.DefaultMavenResourcesFiltering - Copying 1 resource from src\main\resources to target\classes
2025-02-20 16:01:17,959 [Worker-28: Building] INFO  o.a.m.s.f.DefaultMavenResourcesFiltering - Copying 76 resources from src\main\resources to target\classes
2025-02-20 16:01:17,997 [Worker-28: Building] INFO  o.a.m.s.f.DefaultMavenResourcesFiltering - skip non existing resourceDirectory C:\Users\HP\Desktop\cars\Auto_counsel\auto_counsel\src\test\resources
2025-02-20 16:01:30,675 [Worker-20: Building] INFO  o.a.m.s.f.DefaultMavenResourcesFiltering - Copying 1 resource from src\main\resources to target\classes
2025-02-20 16:01:30,692 [Worker-20: Building] INFO  o.a.m.s.f.DefaultMavenResourcesFiltering - Copying 76 resources from src\main\resources to target\classes
2025-02-20 16:01:30,733 [Worker-20: Building] INFO  o.a.m.s.f.DefaultMavenResourcesFiltering - skip non existing resourceDirectory C:\Users\HP\Desktop\cars\Auto_counsel\auto_counsel\src\test\resources
2025-02-20 16:01:47,350 [Worker-29: Building] INFO  o.a.m.s.f.DefaultMavenResourcesFiltering - Copying 1 resource from src\main\resources to target\classes
2025-02-20 16:01:47,380 [Worker-29: Building] INFO  o.a.m.s.f.DefaultMavenResourcesFiltering - Copying 76 resources from src\main\resources to target\classes
2025-02-20 16:01:47,416 [Worker-29: Building] INFO  o.a.m.s.f.DefaultMavenResourcesFiltering - skip non existing resourceDirectory C:\Users\HP\Desktop\cars\Auto_counsel\auto_counsel\src\test\resources
2025-02-20 16:04:41,487 [Worker-27: Building] INFO  o.a.m.s.f.DefaultMavenResourcesFiltering - Copying 1 resource from src\main\resources to target\classes
2025-02-20 16:04:41,521 [Worker-27: Building] INFO  o.a.m.s.f.DefaultMavenResourcesFiltering - Copying 76 resources from src\main\resources to target\classes
2025-02-20 16:04:41,563 [Worker-27: Building] INFO  o.a.m.s.f.DefaultMavenResourcesFiltering - skip non existing resourceDirectory C:\Users\HP\Desktop\cars\Auto_counsel\auto_counsel\src\test\resources
2025-02-20 16:07:28,630 [Worker-27: Building] INFO  o.a.m.s.f.DefaultMavenResourcesFiltering - Copying 1 resource from src\main\resources to target\classes
2025-02-20 16:07:28,651 [Worker-27: Building] INFO  o.a.m.s.f.DefaultMavenResourcesFiltering - Copying 76 resources from src\main\resources to target\classes
2025-02-20 16:07:28,692 [Worker-27: Building] INFO  o.a.m.s.f.DefaultMavenResourcesFiltering - skip non existing resourceDirectory C:\Users\HP\Desktop\cars\Auto_counsel\auto_counsel\src\test\resources
2025-02-20 16:09:46,318 [Worker-22: Building] INFO  o.a.m.s.f.DefaultMavenResourcesFiltering - Copying 1 resource from src\main\resources to target\classes
2025-02-20 16:09:46,336 [Worker-22: Building] INFO  o.a.m.s.f.DefaultMavenResourcesFiltering - Copying 76 resources from src\main\resources to target\classes
2025-02-20 16:09:46,386 [Worker-22: Building] INFO  o.a.m.s.f.DefaultMavenResourcesFiltering - skip non existing resourceDirectory C:\Users\HP\Desktop\cars\Auto_counsel\auto_counsel\src\test\resources
2025-02-20 16:13:53,867 [Worker-30: Building] INFO  o.a.m.s.f.DefaultMavenResourcesFiltering - Copying 1 resource from src\main\resources to target\classes
2025-02-20 16:13:53,892 [Worker-30: Building] INFO  o.a.m.s.f.DefaultMavenResourcesFiltering - Copying 76 resources from src\main\resources to target\classes
2025-02-20 16:13:53,937 [Worker-30: Building] INFO  o.a.m.s.f.DefaultMavenResourcesFiltering - skip non existing resourceDirectory C:\Users\HP\Desktop\cars\Auto_counsel\auto_counsel\src\test\resources
2025-02-20 16:14:52,027 [Worker-30: Building] INFO  o.a.m.s.f.DefaultMavenResourcesFiltering - Copying 1 resource from src\main\resources to target\classes
2025-02-20 16:14:52,045 [Worker-30: Building] INFO  o.a.m.s.f.DefaultMavenResourcesFiltering - Copying 76 resources from src\main\resources to target\classes
2025-02-20 16:14:52,102 [Worker-30: Building] INFO  o.a.m.s.f.DefaultMavenResourcesFiltering - skip non existing resourceDirectory C:\Users\HP\Desktop\cars\Auto_counsel\auto_counsel\src\test\resources
2025-02-20 16:15:36,570 [Worker-23: Building] INFO  o.a.m.s.f.DefaultMavenResourcesFiltering - Copying 1 resource from src\main\resources to target\classes
2025-02-20 16:15:36,619 [Worker-23: Building] INFO  o.a.m.s.f.DefaultMavenResourcesFiltering - Copying 76 resources from src\main\resources to target\classes
2025-02-20 16:15:36,667 [Worker-23: Building] INFO  o.a.m.s.f.DefaultMavenResourcesFiltering - skip non existing resourceDirectory C:\Users\HP\Desktop\cars\Auto_counsel\auto_counsel\src\test\resources
2025-02-20 16:15:42,622 [Worker-22: Building] INFO  o.a.m.s.f.DefaultMavenResourcesFiltering - Copying 1 resource from src\main\resources to target\classes
2025-02-20 16:15:42,639 [Worker-22: Building] INFO  o.a.m.s.f.DefaultMavenResourcesFiltering - Copying 76 resources from src\main\resources to target\classes
2025-02-20 16:15:42,705 [Worker-22: Building] INFO  o.a.m.s.f.DefaultMavenResourcesFiltering - skip non existing resourceDirectory C:\Users\HP\Desktop\cars\Auto_counsel\auto_counsel\src\test\resources
2025-02-20 16:16:27,851 [Worker-20: Building] INFO  o.a.m.s.f.DefaultMavenResourcesFiltering - Copying 1 resource from src\main\resources to target\classes
2025-02-20 16:16:27,870 [Worker-20: Building] INFO  o.a.m.s.f.DefaultMavenResourcesFiltering - Copying 76 resources from src\main\resources to target\classes
2025-02-20 16:16:27,918 [Worker-20: Building] INFO  o.a.m.s.f.DefaultMavenResourcesFiltering - skip non existing resourceDirectory C:\Users\HP\Desktop\cars\Auto_counsel\auto_counsel\src\test\resources
2025-02-20 16:17:13,932 [Worker-23: Building] INFO  o.a.m.s.f.DefaultMavenResourcesFiltering - Copying 1 resource from src\main\resources to target\classes
2025-02-20 16:17:13,949 [Worker-23: Building] INFO  o.a.m.s.f.DefaultMavenResourcesFiltering - Copying 76 resources from src\main\resources to target\classes
2025-02-20 16:17:13,993 [Worker-23: Building] INFO  o.a.m.s.f.DefaultMavenResourcesFiltering - skip non existing resourceDirectory C:\Users\HP\Desktop\cars\Auto_counsel\auto_counsel\src\test\resources
2025-02-20 16:23:22,294 [Worker-30: Building] INFO  o.a.m.s.f.DefaultMavenResourcesFiltering - Copying 1 resource from src\main\resources to target\classes
2025-02-20 16:23:22,311 [Worker-30: Building] INFO  o.a.m.s.f.DefaultMavenResourcesFiltering - Copying 76 resources from src\main\resources to target\classes
2025-02-20 16:23:22,357 [Worker-30: Building] INFO  o.a.m.s.f.DefaultMavenResourcesFiltering - skip non existing resourceDirectory C:\Users\HP\Desktop\cars\Auto_counsel\auto_counsel\src\test\resources
2025-02-20 16:24:02,526 [Worker-22: Building] INFO  o.a.m.s.f.DefaultMavenResourcesFiltering - Copying 1 resource from src\main\resources to target\classes
2025-02-20 16:24:02,543 [Worker-22: Building] INFO  o.a.m.s.f.DefaultMavenResourcesFiltering - Copying 76 resources from src\main\resources to target\classes
2025-02-20 16:24:02,585 [Worker-22: Building] INFO  o.a.m.s.f.DefaultMavenResourcesFiltering - skip non existing resourceDirectory C:\Users\HP\Desktop\cars\Auto_counsel\auto_counsel\src\test\resources
2025-02-20 16:24:19,102 [Worker-24: Building] INFO  o.a.m.s.f.DefaultMavenResourcesFiltering - Copying 1 resource from src\main\resources to target\classes
2025-02-20 16:24:19,117 [Worker-24: Building] INFO  o.a.m.s.f.DefaultMavenResourcesFiltering - Copying 76 resources from src\main\resources to target\classes
2025-02-20 16:24:19,149 [Worker-24: Building] INFO  o.a.m.s.f.DefaultMavenResourcesFiltering - skip non existing resourceDirectory C:\Users\HP\Desktop\cars\Auto_counsel\auto_counsel\src\test\resources
2025-02-20 16:24:35,306 [Worker-3: Building] INFO  o.a.m.s.f.DefaultMavenResourcesFiltering - Copying 1 resource from src\main\resources to target\classes
2025-02-20 16:24:35,321 [Worker-3: Building] INFO  o.a.m.s.f.DefaultMavenResourcesFiltering - Copying 76 resources from src\main\resources to target\classes
2025-02-20 16:24:35,355 [Worker-3: Building] INFO  o.a.m.s.f.DefaultMavenResourcesFiltering - skip non existing resourceDirectory C:\Users\HP\Desktop\cars\Auto_counsel\auto_counsel\src\test\resources
2025-02-20 16:24:53,035 [Worker-3: Building] INFO  o.a.m.s.f.DefaultMavenResourcesFiltering - Copying 1 resource from src\main\resources to target\classes
2025-02-20 16:24:53,050 [Worker-3: Building] INFO  o.a.m.s.f.DefaultMavenResourcesFiltering - Copying 76 resources from src\main\resources to target\classes
2025-02-20 16:24:53,086 [Worker-3: Building] INFO  o.a.m.s.f.DefaultMavenResourcesFiltering - skip non existing resourceDirectory C:\Users\HP\Desktop\cars\Auto_counsel\auto_counsel\src\test\resources
2025-02-20 16:25:19,703 [Worker-23: Building] INFO  o.a.m.s.f.DefaultMavenResourcesFiltering - Copying 1 resource from src\main\resources to target\classes
2025-02-20 16:25:19,716 [Worker-23: Building] INFO  o.a.m.s.f.DefaultMavenResourcesFiltering - Copying 76 resources from src\main\resources to target\classes
2025-02-20 16:25:19,759 [Worker-23: Building] INFO  o.a.m.s.f.DefaultMavenResourcesFiltering - skip non existing resourceDirectory C:\Users\HP\Desktop\cars\Auto_counsel\auto_counsel\src\test\resources
2025-02-20 16:25:41,138 [Worker-30: Building] INFO  o.a.m.s.f.DefaultMavenResourcesFiltering - Copying 1 resource from src\main\resources to target\classes
2025-02-20 16:25:41,155 [Worker-30: Building] INFO  o.a.m.s.f.DefaultMavenResourcesFiltering - Copying 76 resources from src\main\resources to target\classes
2025-02-20 16:25:41,207 [Worker-30: Building] INFO  o.a.m.s.f.DefaultMavenResourcesFiltering - skip non existing resourceDirectory C:\Users\HP\Desktop\cars\Auto_counsel\auto_counsel\src\test\resources
2025-02-20 16:26:41,835 [Worker-3: Building] INFO  o.a.m.s.f.DefaultMavenResourcesFiltering - Copying 0 resource from src\main\resources to target\classes
2025-02-20 16:26:41,854 [Worker-3: Building] INFO  o.a.m.s.f.DefaultMavenResourcesFiltering - Copying 0 resource from src\main\resources to target\classes
2025-02-20 16:26:41,859 [Worker-3: Building] INFO  o.a.m.s.f.DefaultMavenResourcesFiltering - skip non existing resourceDirectory C:\Users\HP\Desktop\cars\Auto_counsel\auto_counsel\src\test\resources
2025-02-20 16:29:19,644 [Worker-29: Building] INFO  o.a.m.s.f.DefaultMavenResourcesFiltering - Copying 0 resource from src\main\resources to target\classes
2025-02-20 16:29:19,664 [Worker-29: Building] INFO  o.a.m.s.f.DefaultMavenResourcesFiltering - Copying 0 resource from src\main\resources to target\classes
2025-02-20 16:29:19,670 [Worker-29: Building] INFO  o.a.m.s.f.DefaultMavenResourcesFiltering - skip non existing resourceDirectory C:\Users\HP\Desktop\cars\Auto_counsel\auto_counsel\src\test\resources
2025-02-20 16:31:17,852 [Worker-22: Building] INFO  o.a.m.s.f.DefaultMavenResourcesFiltering - Copying 0 resource from src\main\resources to target\classes
2025-02-20 16:31:17,872 [Worker-22: Building] INFO  o.a.m.s.f.DefaultMavenResourcesFiltering - Copying 0 resource from src\main\resources to target\classes
2025-02-20 16:31:17,876 [Worker-22: Building] INFO  o.a.m.s.f.DefaultMavenResourcesFiltering - skip non existing resourceDirectory C:\Users\HP\Desktop\cars\Auto_counsel\auto_counsel\src\test\resources
2025-02-20 16:33:53,811 [Worker-31: Building] INFO  o.a.m.s.f.DefaultMavenResourcesFiltering - Copying 1 resource from src\main\resources to target\classes
2025-02-20 16:33:53,827 [Worker-31: Building] INFO  o.a.m.s.f.DefaultMavenResourcesFiltering - Copying 76 resources from src\main\resources to target\classes
2025-02-20 16:33:53,869 [Worker-31: Building] INFO  o.a.m.s.f.DefaultMavenResourcesFiltering - skip non existing resourceDirectory C:\Users\HP\Desktop\cars\Auto_counsel\auto_counsel\src\test\resources
2025-02-20 16:34:45,558 [Worker-31: Building] INFO  o.a.m.s.f.DefaultMavenResourcesFiltering - Copying 1 resource from src\main\resources to target\classes
2025-02-20 16:34:45,576 [Worker-31: Building] INFO  o.a.m.s.f.DefaultMavenResourcesFiltering - Copying 76 resources from src\main\resources to target\classes
2025-02-20 16:34:45,621 [Worker-31: Building] INFO  o.a.m.s.f.DefaultMavenResourcesFiltering - skip non existing resourceDirectory C:\Users\HP\Desktop\cars\Auto_counsel\auto_counsel\src\test\resources
2025-02-20 16:35:59,331 [Worker-22: Building] INFO  o.a.m.s.f.DefaultMavenResourcesFiltering - Copying 1 resource from src\main\resources to target\classes
2025-02-20 16:35:59,372 [Worker-22: Building] INFO  o.a.m.s.f.DefaultMavenResourcesFiltering - Copying 76 resources from src\main\resources to target\classes
2025-02-20 16:35:59,413 [Worker-22: Building] INFO  o.a.m.s.f.DefaultMavenResourcesFiltering - skip non existing resourceDirectory C:\Users\HP\Desktop\cars\Auto_counsel\auto_counsel\src\test\resources
2025-02-20 16:37:14,061 [Worker-30: Building] INFO  o.a.m.s.f.DefaultMavenResourcesFiltering - Copying 1 resource from src\main\resources to target\classes
2025-02-20 16:37:14,077 [Worker-30: Building] INFO  o.a.m.s.f.DefaultMavenResourcesFiltering - Copying 76 resources from src\main\resources to target\classes
2025-02-20 16:37:14,143 [Worker-30: Building] INFO  o.a.m.s.f.DefaultMavenResourcesFiltering - skip non existing resourceDirectory C:\Users\HP\Desktop\cars\Auto_counsel\auto_counsel\src\test\resources
2025-02-20 16:37:53,233 [Worker-27: Building] INFO  o.a.m.s.f.DefaultMavenResourcesFiltering - Copying 1 resource from src\main\resources to target\classes
2025-02-20 16:37:53,278 [Worker-27: Building] INFO  o.a.m.s.f.DefaultMavenResourcesFiltering - Copying 76 resources from src\main\resources to target\classes
2025-02-20 16:37:53,325 [Worker-27: Building] INFO  o.a.m.s.f.DefaultMavenResourcesFiltering - skip non existing resourceDirectory C:\Users\HP\Desktop\cars\Auto_counsel\auto_counsel\src\test\resources
2025-02-20 16:38:14,515 [Worker-24: Building] INFO  o.a.m.s.f.DefaultMavenResourcesFiltering - Copying 1 resource from src\main\resources to target\classes
2025-02-20 16:38:14,531 [Worker-24: Building] INFO  o.a.m.s.f.DefaultMavenResourcesFiltering - Copying 76 resources from src\main\resources to target\classes
2025-02-20 16:38:14,723 [Worker-24: Building] INFO  o.a.m.s.f.DefaultMavenResourcesFiltering - skip non existing resourceDirectory C:\Users\HP\Desktop\cars\Auto_counsel\auto_counsel\src\test\resources
2025-02-20 16:47:36,521 [Worker-31: Building] INFO  o.a.m.s.f.DefaultMavenResourcesFiltering - Copying 1 resource from src\main\resources to target\classes
2025-02-20 16:47:36,579 [Worker-31: Building] INFO  o.a.m.s.f.DefaultMavenResourcesFiltering - Copying 76 resources from src\main\resources to target\classes
2025-02-20 16:47:36,625 [Worker-31: Building] INFO  o.a.m.s.f.DefaultMavenResourcesFiltering - skip non existing resourceDirectory C:\Users\HP\Desktop\cars\Auto_counsel\auto_counsel\src\test\resources
2025-02-20 16:53:31,475 [Worker-31: Building] INFO  o.a.m.s.f.DefaultMavenResourcesFiltering - Copying 0 resource from src\main\resources to target\classes
2025-02-20 16:53:31,494 [Worker-31: Building] INFO  o.a.m.s.f.DefaultMavenResourcesFiltering - Copying 0 resource from src\main\resources to target\classes
2025-02-20 16:53:31,498 [Worker-31: Building] INFO  o.a.m.s.f.DefaultMavenResourcesFiltering - skip non existing resourceDirectory C:\Users\HP\Desktop\cars\Auto_counsel\auto_counsel\src\test\resources
2025-02-20 16:55:45,094 [Worker-34: Building] INFO  o.a.m.s.f.DefaultMavenResourcesFiltering - Copying 0 resource from src\main\resources to target\classes
2025-02-20 16:55:45,108 [Worker-34: Building] INFO  o.a.m.s.f.DefaultMavenResourcesFiltering - Copying 0 resource from src\main\resources to target\classes
2025-02-20 16:55:45,112 [Worker-34: Building] INFO  o.a.m.s.f.DefaultMavenResourcesFiltering - skip non existing resourceDirectory C:\Users\HP\Desktop\cars\Auto_counsel\auto_counsel\src\test\resources
2025-02-20 16:58:22,558 [Worker-35: Building] INFO  o.a.m.s.f.DefaultMavenResourcesFiltering - Copying 0 resource from src\main\resources to target\classes
2025-02-20 16:58:22,578 [Worker-35: Building] INFO  o.a.m.s.f.DefaultMavenResourcesFiltering - Copying 0 resource from src\main\resources to target\classes
2025-02-20 16:58:22,583 [Worker-35: Building] INFO  o.a.m.s.f.DefaultMavenResourcesFiltering - skip non existing resourceDirectory C:\Users\HP\Desktop\cars\Auto_counsel\auto_counsel\src\test\resources
2025-02-20 17:01:21,001 [Worker-35: Building] INFO  o.a.m.s.f.DefaultMavenResourcesFiltering - Copying 0 resource from src\main\resources to target\classes
2025-02-20 17:01:21,019 [Worker-35: Building] INFO  o.a.m.s.f.DefaultMavenResourcesFiltering - Copying 0 resource from src\main\resources to target\classes
2025-02-20 17:01:21,023 [Worker-35: Building] INFO  o.a.m.s.f.DefaultMavenResourcesFiltering - skip non existing resourceDirectory C:\Users\HP\Desktop\cars\Auto_counsel\auto_counsel\src\test\resources
2025-02-20 17:03:56,064 [Worker-35: Building] INFO  o.a.m.s.f.DefaultMavenResourcesFiltering - Copying 0 resource from src\main\resources to target\classes
2025-02-20 17:03:56,082 [Worker-35: Building] INFO  o.a.m.s.f.DefaultMavenResourcesFiltering - Copying 0 resource from src\main\resources to target\classes
2025-02-20 17:03:56,087 [Worker-35: Building] INFO  o.a.m.s.f.DefaultMavenResourcesFiltering - skip non existing resourceDirectory C:\Users\HP\Desktop\cars\Auto_counsel\auto_counsel\src\test\resources
2025-02-20 17:06:32,804 [Worker-27: Building] INFO  o.a.m.s.f.DefaultMavenResourcesFiltering - Copying 0 resource from src\main\resources to target\classes
2025-02-20 17:06:32,819 [Worker-27: Building] INFO  o.a.m.s.f.DefaultMavenResourcesFiltering - Copying 0 resource from src\main\resources to target\classes
2025-02-20 17:06:32,824 [Worker-27: Building] INFO  o.a.m.s.f.DefaultMavenResourcesFiltering - skip non existing resourceDirectory C:\Users\HP\Desktop\cars\Auto_counsel\auto_counsel\src\test\resources
2025-02-20 17:11:41,024 [Worker-36: Building] INFO  o.a.m.s.f.DefaultMavenResourcesFiltering - Copying 1 resource from src\main\resources to target\classes
2025-02-20 17:11:41,044 [Worker-36: Building] INFO  o.a.m.s.f.DefaultMavenResourcesFiltering - Copying 76 resources from src\main\resources to target\classes
2025-02-20 17:11:41,112 [Worker-36: Building] INFO  o.a.m.s.f.DefaultMavenResourcesFiltering - skip non existing resourceDirectory C:\Users\HP\Desktop\cars\Auto_counsel\auto_counsel\src\test\resources
2025-02-20 17:11:58,398 [Worker-35: Building] INFO  o.a.m.s.f.DefaultMavenResourcesFiltering - Copying 1 resource from src\main\resources to target\classes
2025-02-20 17:11:58,415 [Worker-35: Building] INFO  o.a.m.s.f.DefaultMavenResourcesFiltering - Copying 76 resources from src\main\resources to target\classes
2025-02-20 17:11:58,461 [Worker-35: Building] INFO  o.a.m.s.f.DefaultMavenResourcesFiltering - skip non existing resourceDirectory C:\Users\HP\Desktop\cars\Auto_counsel\auto_counsel\src\test\resources
2025-02-20 17:12:43,962 [Worker-31: Building] INFO  o.a.m.s.f.DefaultMavenResourcesFiltering - Copying 1 resource from src\main\resources to target\classes
2025-02-20 17:12:43,979 [Worker-31: Building] INFO  o.a.m.s.f.DefaultMavenResourcesFiltering - Copying 76 resources from src\main\resources to target\classes
2025-02-20 17:12:44,023 [Worker-31: Building] INFO  o.a.m.s.f.DefaultMavenResourcesFiltering - skip non existing resourceDirectory C:\Users\HP\Desktop\cars\Auto_counsel\auto_counsel\src\test\resources
2025-02-20 17:15:26,284 [Worker-34: Building] INFO  o.a.m.s.f.DefaultMavenResourcesFiltering - Copying 1 resource from src\main\resources to target\classes
2025-02-20 17:15:26,302 [Worker-34: Building] INFO  o.a.m.s.f.DefaultMavenResourcesFiltering - Copying 76 resources from src\main\resources to target\classes
2025-02-20 17:15:26,344 [Worker-34: Building] INFO  o.a.m.s.f.DefaultMavenResourcesFiltering - skip non existing resourceDirectory C:\Users\HP\Desktop\cars\Auto_counsel\auto_counsel\src\test\resources
2025-02-20 17:15:59,664 [Worker-36: Building] INFO  o.a.m.s.f.DefaultMavenResourcesFiltering - Copying 1 resource from src\main\resources to target\classes
2025-02-20 17:15:59,679 [Worker-36: Building] INFO  o.a.m.s.f.DefaultMavenResourcesFiltering - Copying 76 resources from src\main\resources to target\classes
2025-02-20 17:15:59,729 [Worker-36: Building] INFO  o.a.m.s.f.DefaultMavenResourcesFiltering - skip non existing resourceDirectory C:\Users\HP\Desktop\cars\Auto_counsel\auto_counsel\src\test\resources
2025-02-20 17:17:24,821 [Worker-35: Building] INFO  o.a.m.s.f.DefaultMavenResourcesFiltering - Copying 1 resource from src\main\resources to target\classes
2025-02-20 17:17:24,830 [Worker-35: Building] INFO  o.a.m.s.f.DefaultMavenResourcesFiltering - Copying 76 resources from src\main\resources to target\classes
2025-02-20 17:17:24,913 [Worker-35: Building] INFO  o.a.m.s.f.DefaultMavenResourcesFiltering - skip non existing resourceDirectory C:\Users\HP\Desktop\cars\Auto_counsel\auto_counsel\src\test\resources
2025-02-20 17:17:40,844 [Worker-37: Building] INFO  o.a.m.s.f.DefaultMavenResourcesFiltering - Copying 1 resource from src\main\resources to target\classes
2025-02-20 17:17:40,861 [Worker-37: Building] INFO  o.a.m.s.f.DefaultMavenResourcesFiltering - Copying 76 resources from src\main\resources to target\classes
2025-02-20 17:17:40,908 [Worker-37: Building] INFO  o.a.m.s.f.DefaultMavenResourcesFiltering - skip non existing resourceDirectory C:\Users\HP\Desktop\cars\Auto_counsel\auto_counsel\src\test\resources
2025-02-20 17:18:10,152 [Worker-36: Building] INFO  o.a.m.s.f.DefaultMavenResourcesFiltering - Copying 1 resource from src\main\resources to target\classes
2025-02-20 17:18:10,167 [Worker-36: Building] INFO  o.a.m.s.f.DefaultMavenResourcesFiltering - Copying 76 resources from src\main\resources to target\classes
2025-02-20 17:18:10,213 [Worker-36: Building] INFO  o.a.m.s.f.DefaultMavenResourcesFiltering - skip non existing resourceDirectory C:\Users\HP\Desktop\cars\Auto_counsel\auto_counsel\src\test\resources
2025-02-20 17:18:31,959 [Worker-34: Building] INFO  o.a.m.s.f.DefaultMavenResourcesFiltering - Copying 1 resource from src\main\resources to target\classes
2025-02-20 17:18:31,978 [Worker-34: Building] INFO  o.a.m.s.f.DefaultMavenResourcesFiltering - Copying 76 resources from src\main\resources to target\classes
2025-02-20 17:18:32,023 [Worker-34: Building] INFO  o.a.m.s.f.DefaultMavenResourcesFiltering - skip non existing resourceDirectory C:\Users\HP\Desktop\cars\Auto_counsel\auto_counsel\src\test\resources
2025-02-20 17:18:59,458 [Worker-34: Building] INFO  o.a.m.s.f.DefaultMavenResourcesFiltering - Copying 1 resource from src\main\resources to target\classes
2025-02-20 17:18:59,474 [Worker-34: Building] INFO  o.a.m.s.f.DefaultMavenResourcesFiltering - Copying 76 resources from src\main\resources to target\classes
2025-02-20 17:18:59,520 [Worker-34: Building] INFO  o.a.m.s.f.DefaultMavenResourcesFiltering - skip non existing resourceDirectory C:\Users\HP\Desktop\cars\Auto_counsel\auto_counsel\src\test\resources
2025-02-20 17:19:27,843 [Worker-39: Building] INFO  o.a.m.s.f.DefaultMavenResourcesFiltering - Copying 1 resource from src\main\resources to target\classes
2025-02-20 17:19:27,859 [Worker-39: Building] INFO  o.a.m.s.f.DefaultMavenResourcesFiltering - Copying 76 resources from src\main\resources to target\classes
2025-02-20 17:19:27,908 [Worker-39: Building] INFO  o.a.m.s.f.DefaultMavenResourcesFiltering - skip non existing resourceDirectory C:\Users\HP\Desktop\cars\Auto_counsel\auto_counsel\src\test\resources
2025-02-20 17:19:38,697 [Worker-36: Building] INFO  o.a.m.s.f.DefaultMavenResourcesFiltering - Copying 1 resource from src\main\resources to target\classes
2025-02-20 17:19:38,716 [Worker-36: Building] INFO  o.a.m.s.f.DefaultMavenResourcesFiltering - Copying 76 resources from src\main\resources to target\classes
2025-02-20 17:19:38,753 [Worker-36: Building] INFO  o.a.m.s.f.DefaultMavenResourcesFiltering - skip non existing resourceDirectory C:\Users\HP\Desktop\cars\Auto_counsel\auto_counsel\src\test\resources
2025-02-21 12:21:27,598 [Worker-1: Loading available Gradle versions] INFO  o.e.b.c.i.u.g.PublishedGradleVersions - Gradle version information cache is out-of-date. Trying to update.
2025-02-21 12:43:19,026 [Worker-0: Building] INFO  o.a.m.s.f.DefaultMavenResourcesFiltering - Copying 1 resource from src\main\resources to target\classes
2025-02-21 12:43:19,163 [Worker-0: Building] INFO  o.a.m.s.f.DefaultMavenResourcesFiltering - Copying 76 resources from src\main\resources to target\classes
2025-02-21 12:43:19,280 [Worker-0: Building] INFO  o.a.m.s.f.DefaultMavenResourcesFiltering - skip non existing resourceDirectory C:\Users\HP\Desktop\cars\Auto_counsel\auto_counsel\src\test\resources
2025-02-21 12:43:26,788 [Worker-8: Building] INFO  o.a.m.s.f.DefaultMavenResourcesFiltering - Copying 1 resource from src\main\resources to target\classes
2025-02-21 12:43:26,842 [Worker-8: Building] INFO  o.a.m.s.f.DefaultMavenResourcesFiltering - Copying 76 resources from src\main\resources to target\classes
2025-02-21 12:43:26,925 [Worker-8: Building] INFO  o.a.m.s.f.DefaultMavenResourcesFiltering - skip non existing resourceDirectory C:\Users\HP\Desktop\cars\Auto_counsel\auto_counsel\src\test\resources
2025-02-21 12:52:53,834 [Worker-11: Building] INFO  o.a.m.s.f.DefaultMavenResourcesFiltering - Copying 1 resource from src\main\resources to target\classes
2025-02-21 12:52:53,859 [Worker-11: Building] INFO  o.a.m.s.f.DefaultMavenResourcesFiltering - Copying 76 resources from src\main\resources to target\classes
2025-02-21 12:52:53,925 [Worker-11: Building] INFO  o.a.m.s.f.DefaultMavenResourcesFiltering - skip non existing resourceDirectory C:\Users\HP\Desktop\cars\Auto_counsel\auto_counsel\src\test\resources
2025-02-21 12:53:09,692 [Worker-9: Building] INFO  o.a.m.s.f.DefaultMavenResourcesFiltering - Copying 1 resource from src\main\resources to target\classes
2025-02-21 12:53:09,714 [Worker-9: Building] INFO  o.a.m.s.f.DefaultMavenResourcesFiltering - Copying 76 resources from src\main\resources to target\classes
2025-02-21 12:53:09,790 [Worker-9: Building] INFO  o.a.m.s.f.DefaultMavenResourcesFiltering - skip non existing resourceDirectory C:\Users\HP\Desktop\cars\Auto_counsel\auto_counsel\src\test\resources
2025-02-21 15:00:13,148 [Worker-12: Building] INFO  o.a.m.s.f.DefaultMavenResourcesFiltering - Copying 0 resource from src\main\resources to target\classes
2025-02-21 15:00:13,164 [Worker-12: Building] INFO  o.a.m.s.f.DefaultMavenResourcesFiltering - Copying 0 resource from src\main\resources to target\classes
2025-02-21 15:00:13,171 [Worker-12: Building] INFO  o.a.m.s.f.DefaultMavenResourcesFiltering - skip non existing resourceDirectory C:\Users\HP\Desktop\cars\Auto_counsel\auto_counsel\src\test\resources
2025-02-21 15:00:56,012 [Worker-14: Building] INFO  o.a.m.s.f.DefaultMavenResourcesFiltering - Copying 1 resource from src\main\resources to target\classes
2025-02-21 15:00:56,049 [Worker-14: Building] INFO  o.a.m.s.f.DefaultMavenResourcesFiltering - Copying 76 resources from src\main\resources to target\classes
2025-02-21 15:00:56,288 [Worker-14: Building] INFO  o.a.m.s.f.DefaultMavenResourcesFiltering - skip non existing resourceDirectory C:\Users\HP\Desktop\cars\Auto_counsel\auto_counsel\src\test\resources
2025-02-21 15:01:00,906 [Worker-14: Building] INFO  o.a.m.s.f.DefaultMavenResourcesFiltering - Copying 1 resource from src\main\resources to target\classes
2025-02-21 15:01:00,925 [Worker-14: Building] INFO  o.a.m.s.f.DefaultMavenResourcesFiltering - Copying 76 resources from src\main\resources to target\classes
2025-02-21 15:01:01,006 [Worker-14: Building] INFO  o.a.m.s.f.DefaultMavenResourcesFiltering - skip non existing resourceDirectory C:\Users\HP\Desktop\cars\Auto_counsel\auto_counsel\src\test\resources
2025-02-21 15:02:29,998 [Worker-13: Building] INFO  o.a.m.s.f.DefaultMavenResourcesFiltering - Copying 1 resource from src\main\resources to target\classes
2025-02-21 15:02:30,017 [Worker-13: Building] INFO  o.a.m.s.f.DefaultMavenResourcesFiltering - Copying 76 resources from src\main\resources to target\classes
2025-02-21 15:02:30,084 [Worker-13: Building] INFO  o.a.m.s.f.DefaultMavenResourcesFiltering - skip non existing resourceDirectory C:\Users\HP\Desktop\cars\Auto_counsel\auto_counsel\src\test\resources
2025-02-21 15:05:15,755 [Worker-0: Building] INFO  o.a.m.s.f.DefaultMavenResourcesFiltering - Copying 1 resource from src\main\resources to target\classes
2025-02-21 15:05:15,773 [Worker-0: Building] INFO  o.a.m.s.f.DefaultMavenResourcesFiltering - Copying 76 resources from src\main\resources to target\classes
2025-02-21 15:05:15,871 [Worker-0: Building] INFO  o.a.m.s.f.DefaultMavenResourcesFiltering - skip non existing resourceDirectory C:\Users\HP\Desktop\cars\Auto_counsel\auto_counsel\src\test\resources
2025-02-21 15:07:21,033 [Worker-0: Building] INFO  o.a.m.s.f.DefaultMavenResourcesFiltering - Copying 1 resource from src\main\resources to target\classes
2025-02-21 15:07:21,051 [Worker-0: Building] INFO  o.a.m.s.f.DefaultMavenResourcesFiltering - Copying 76 resources from src\main\resources to target\classes
2025-02-21 15:07:21,098 [Worker-0: Building] INFO  o.a.m.s.f.DefaultMavenResourcesFiltering - skip non existing resourceDirectory C:\Users\HP\Desktop\cars\Auto_counsel\auto_counsel\src\test\resources
2025-02-21 15:10:15,455 [Worker-0: Building] INFO  o.a.m.s.f.DefaultMavenResourcesFiltering - Copying 1 resource from src\main\resources to target\classes
2025-02-21 15:10:15,496 [Worker-0: Building] INFO  o.a.m.s.f.DefaultMavenResourcesFiltering - Copying 76 resources from src\main\resources to target\classes
2025-02-21 15:10:15,537 [Worker-0: Building] INFO  o.a.m.s.f.DefaultMavenResourcesFiltering - skip non existing resourceDirectory C:\Users\HP\Desktop\cars\Auto_counsel\auto_counsel\src\test\resources
2025-02-21 15:12:33,325 [Worker-2: Building] INFO  o.a.m.s.f.DefaultMavenResourcesFiltering - Copying 1 resource from src\main\resources to target\classes
2025-02-21 15:12:33,392 [Worker-2: Building] INFO  o.a.m.s.f.DefaultMavenResourcesFiltering - Copying 76 resources from src\main\resources to target\classes
2025-02-21 15:12:33,440 [Worker-2: Building] INFO  o.a.m.s.f.DefaultMavenResourcesFiltering - skip non existing resourceDirectory C:\Users\HP\Desktop\cars\Auto_counsel\auto_counsel\src\test\resources
2025-02-21 15:13:53,923 [Worker-14: Building] INFO  o.a.m.s.f.DefaultMavenResourcesFiltering - Copying 1 resource from src\main\resources to target\classes
2025-02-21 15:13:53,950 [Worker-14: Building] INFO  o.a.m.s.f.DefaultMavenResourcesFiltering - Copying 76 resources from src\main\resources to target\classes
2025-02-21 15:13:53,996 [Worker-14: Building] INFO  o.a.m.s.f.DefaultMavenResourcesFiltering - skip non existing resourceDirectory C:\Users\HP\Desktop\cars\Auto_counsel\auto_counsel\src\test\resources
2025-02-21 15:14:07,268 [Worker-0: Building] INFO  o.a.m.s.f.DefaultMavenResourcesFiltering - Copying 1 resource from src\main\resources to target\classes
2025-02-21 15:14:07,286 [Worker-0: Building] INFO  o.a.m.s.f.DefaultMavenResourcesFiltering - Copying 76 resources from src\main\resources to target\classes
2025-02-21 15:14:07,336 [Worker-0: Building] INFO  o.a.m.s.f.DefaultMavenResourcesFiltering - skip non existing resourceDirectory C:\Users\HP\Desktop\cars\Auto_counsel\auto_counsel\src\test\resources
2025-02-21 15:14:27,579 [Worker-2: Building] INFO  o.a.m.s.f.DefaultMavenResourcesFiltering - Copying 1 resource from src\main\resources to target\classes
2025-02-21 15:14:27,598 [Worker-2: Building] INFO  o.a.m.s.f.DefaultMavenResourcesFiltering - Copying 76 resources from src\main\resources to target\classes
2025-02-21 15:14:27,673 [Worker-2: Building] INFO  o.a.m.s.f.DefaultMavenResourcesFiltering - skip non existing resourceDirectory C:\Users\HP\Desktop\cars\Auto_counsel\auto_counsel\src\test\resources
2025-02-21 15:15:59,227 [Worker-2: Building] INFO  o.a.m.s.f.DefaultMavenResourcesFiltering - Copying 1 resource from src\main\resources to target\classes
2025-02-21 15:15:59,248 [Worker-2: Building] INFO  o.a.m.s.f.DefaultMavenResourcesFiltering - Copying 76 resources from src\main\resources to target\classes
2025-02-21 15:15:59,296 [Worker-2: Building] INFO  o.a.m.s.f.DefaultMavenResourcesFiltering - skip non existing resourceDirectory C:\Users\HP\Desktop\cars\Auto_counsel\auto_counsel\src\test\resources
2025-02-21 15:20:09,776 [Worker-16: Building] INFO  o.a.m.s.f.DefaultMavenResourcesFiltering - Copying 1 resource from src\main\resources to target\classes
2025-02-21 15:20:09,794 [Worker-16: Building] INFO  o.a.m.s.f.DefaultMavenResourcesFiltering - Copying 76 resources from src\main\resources to target\classes
2025-02-21 15:20:09,844 [Worker-16: Building] INFO  o.a.m.s.f.DefaultMavenResourcesFiltering - skip non existing resourceDirectory C:\Users\HP\Desktop\cars\Auto_counsel\auto_counsel\src\test\resources
2025-02-21 15:25:00,787 [Worker-13: Building] INFO  o.a.m.s.f.DefaultMavenResourcesFiltering - Copying 1 resource from src\main\resources to target\classes
2025-02-21 15:25:00,837 [Worker-13: Building] INFO  o.a.m.s.f.DefaultMavenResourcesFiltering - Copying 76 resources from src\main\resources to target\classes
2025-02-21 15:25:00,883 [Worker-13: Building] INFO  o.a.m.s.f.DefaultMavenResourcesFiltering - skip non existing resourceDirectory C:\Users\HP\Desktop\cars\Auto_counsel\auto_counsel\src\test\resources
2025-02-21 15:25:07,395 [Worker-15: Building] INFO  o.a.m.s.f.DefaultMavenResourcesFiltering - Copying 1 resource from src\main\resources to target\classes
2025-02-21 15:25:07,412 [Worker-15: Building] INFO  o.a.m.s.f.DefaultMavenResourcesFiltering - Copying 76 resources from src\main\resources to target\classes
2025-02-21 15:25:07,461 [Worker-15: Building] INFO  o.a.m.s.f.DefaultMavenResourcesFiltering - skip non existing resourceDirectory C:\Users\HP\Desktop\cars\Auto_counsel\auto_counsel\src\test\resources
2025-02-21 15:26:16,387 [Worker-15: Building] INFO  o.a.m.s.f.DefaultMavenResourcesFiltering - Copying 1 resource from src\main\resources to target\classes
2025-02-21 15:26:16,405 [Worker-15: Building] INFO  o.a.m.s.f.DefaultMavenResourcesFiltering - Copying 76 resources from src\main\resources to target\classes
2025-02-21 15:26:16,452 [Worker-15: Building] INFO  o.a.m.s.f.DefaultMavenResourcesFiltering - skip non existing resourceDirectory C:\Users\HP\Desktop\cars\Auto_counsel\auto_counsel\src\test\resources
2025-02-21 15:28:10,324 [Worker-13: Building] INFO  o.a.m.s.f.DefaultMavenResourcesFiltering - Copying 0 resource from src\main\resources to target\classes
2025-02-21 15:28:10,347 [Worker-13: Building] INFO  o.a.m.s.f.DefaultMavenResourcesFiltering - Copying 0 resource from src\main\resources to target\classes
2025-02-21 15:28:10,354 [Worker-13: Building] INFO  o.a.m.s.f.DefaultMavenResourcesFiltering - skip non existing resourceDirectory C:\Users\HP\Desktop\cars\Auto_counsel\auto_counsel\src\test\resources
2025-02-21 15:29:00,133 [Worker-2: Building] INFO  o.a.m.s.f.DefaultMavenResourcesFiltering - Copying 1 resource from src\main\resources to target\classes
2025-02-21 15:29:00,153 [Worker-2: Building] INFO  o.a.m.s.f.DefaultMavenResourcesFiltering - Copying 76 resources from src\main\resources to target\classes
2025-02-21 15:29:00,197 [Worker-2: Building] INFO  o.a.m.s.f.DefaultMavenResourcesFiltering - skip non existing resourceDirectory C:\Users\HP\Desktop\cars\Auto_counsel\auto_counsel\src\test\resources
2025-02-21 15:29:02,919 [Worker-11: Building] INFO  o.a.m.s.f.DefaultMavenResourcesFiltering - Copying 1 resource from src\main\resources to target\classes
2025-02-21 15:29:02,963 [Worker-11: Building] INFO  o.a.m.s.f.DefaultMavenResourcesFiltering - Copying 76 resources from src\main\resources to target\classes
2025-02-21 15:29:03,009 [Worker-11: Building] INFO  o.a.m.s.f.DefaultMavenResourcesFiltering - skip non existing resourceDirectory C:\Users\HP\Desktop\cars\Auto_counsel\auto_counsel\src\test\resources
2025-02-21 15:33:21,262 [Worker-11: Building] INFO  o.a.m.s.f.DefaultMavenResourcesFiltering - Copying 1 resource from src\main\resources to target\classes
2025-02-21 15:33:21,282 [Worker-11: Building] INFO  o.a.m.s.f.DefaultMavenResourcesFiltering - Copying 76 resources from src\main\resources to target\classes
2025-02-21 15:33:21,342 [Worker-11: Building] INFO  o.a.m.s.f.DefaultMavenResourcesFiltering - skip non existing resourceDirectory C:\Users\HP\Desktop\cars\Auto_counsel\auto_counsel\src\test\resources
2025-02-21 15:38:52,846 [Worker-2: Building] INFO  o.a.m.s.f.DefaultMavenResourcesFiltering - Copying 1 resource from src\main\resources to target\classes
2025-02-21 15:38:52,866 [Worker-2: Building] INFO  o.a.m.s.f.DefaultMavenResourcesFiltering - Copying 76 resources from src\main\resources to target\classes
2025-02-21 15:38:52,945 [Worker-2: Building] INFO  o.a.m.s.f.DefaultMavenResourcesFiltering - skip non existing resourceDirectory C:\Users\HP\Desktop\cars\Auto_counsel\auto_counsel\src\test\resources
2025-02-21 15:40:38,599 [Worker-0: Building] INFO  o.a.m.s.f.DefaultMavenResourcesFiltering - Copying 1 resource from src\main\resources to target\classes
2025-02-21 15:40:38,618 [Worker-0: Building] INFO  o.a.m.s.f.DefaultMavenResourcesFiltering - Copying 76 resources from src\main\resources to target\classes
2025-02-21 15:40:38,656 [Worker-0: Building] INFO  o.a.m.s.f.DefaultMavenResourcesFiltering - skip non existing resourceDirectory C:\Users\HP\Desktop\cars\Auto_counsel\auto_counsel\src\test\resources
2025-02-21 15:46:09,007 [Worker-11: Building] INFO  o.a.m.s.f.DefaultMavenResourcesFiltering - Copying 1 resource from src\main\resources to target\classes
2025-02-21 15:46:09,023 [Worker-11: Building] INFO  o.a.m.s.f.DefaultMavenResourcesFiltering - Copying 76 resources from src\main\resources to target\classes
2025-02-21 15:46:09,088 [Worker-11: Building] INFO  o.a.m.s.f.DefaultMavenResourcesFiltering - skip non existing resourceDirectory C:\Users\HP\Desktop\cars\Auto_counsel\auto_counsel\src\test\resources
2025-02-21 15:48:55,249 [Worker-2: Building] INFO  o.a.m.s.f.DefaultMavenResourcesFiltering - Copying 1 resource from src\main\resources to target\classes
2025-02-21 15:48:55,269 [Worker-2: Building] INFO  o.a.m.s.f.DefaultMavenResourcesFiltering - Copying 76 resources from src\main\resources to target\classes
2025-02-21 15:48:55,310 [Worker-2: Building] INFO  o.a.m.s.f.DefaultMavenResourcesFiltering - skip non existing resourceDirectory C:\Users\HP\Desktop\cars\Auto_counsel\auto_counsel\src\test\resources
2025-02-21 16:08:51,324 [Worker-12: Building] INFO  o.a.m.s.f.DefaultMavenResourcesFiltering - Copying 1 resource from src\main\resources to target\classes
2025-02-21 16:08:51,367 [Worker-12: Building] INFO  o.a.m.s.f.DefaultMavenResourcesFiltering - Copying 76 resources from src\main\resources to target\classes
2025-02-21 16:08:51,440 [Worker-12: Building] INFO  o.a.m.s.f.DefaultMavenResourcesFiltering - skip non existing resourceDirectory C:\Users\HP\Desktop\cars\Auto_counsel\auto_counsel\src\test\resources
2025-02-21 16:15:53,354 [Worker-2: Building] INFO  o.a.m.s.f.DefaultMavenResourcesFiltering - Copying 1 resource from src\main\resources to target\classes
2025-02-21 16:15:53,382 [Worker-2: Building] INFO  o.a.m.s.f.DefaultMavenResourcesFiltering - Copying 76 resources from src\main\resources to target\classes
2025-02-21 16:15:53,428 [Worker-2: Building] INFO  o.a.m.s.f.DefaultMavenResourcesFiltering - skip non existing resourceDirectory C:\Users\HP\Desktop\cars\Auto_counsel\auto_counsel\src\test\resources
2025-02-21 16:17:11,032 [Worker-13: Building] INFO  o.a.m.s.f.DefaultMavenResourcesFiltering - Copying 1 resource from src\main\resources to target\classes
2025-02-21 16:17:11,087 [Worker-13: Building] INFO  o.a.m.s.f.DefaultMavenResourcesFiltering - Copying 76 resources from src\main\resources to target\classes
2025-02-21 16:17:11,156 [Worker-13: Building] INFO  o.a.m.s.f.DefaultMavenResourcesFiltering - skip non existing resourceDirectory C:\Users\HP\Desktop\cars\Auto_counsel\auto_counsel\src\test\resources
2025-02-21 16:19:18,666 [Worker-15: Building] INFO  o.a.m.s.f.DefaultMavenResourcesFiltering - Copying 1 resource from src\main\resources to target\classes
2025-02-21 16:19:18,721 [Worker-15: Building] INFO  o.a.m.s.f.DefaultMavenResourcesFiltering - Copying 76 resources from src\main\resources to target\classes
2025-02-21 16:19:18,768 [Worker-15: Building] INFO  o.a.m.s.f.DefaultMavenResourcesFiltering - skip non existing resourceDirectory C:\Users\HP\Desktop\cars\Auto_counsel\auto_counsel\src\test\resources
2025-02-21 16:19:36,726 [Worker-2: Building] INFO  o.a.m.s.f.DefaultMavenResourcesFiltering - Copying 1 resource from src\main\resources to target\classes
2025-02-21 16:19:36,745 [Worker-2: Building] INFO  o.a.m.s.f.DefaultMavenResourcesFiltering - Copying 76 resources from src\main\resources to target\classes
2025-02-21 16:19:36,791 [Worker-2: Building] INFO  o.a.m.s.f.DefaultMavenResourcesFiltering - skip non existing resourceDirectory C:\Users\HP\Desktop\cars\Auto_counsel\auto_counsel\src\test\resources
2025-02-21 16:20:27,493 [Worker-11: Building] INFO  o.a.m.s.f.DefaultMavenResourcesFiltering - Copying 1 resource from src\main\resources to target\classes
2025-02-21 16:20:27,513 [Worker-11: Building] INFO  o.a.m.s.f.DefaultMavenResourcesFiltering - Copying 76 resources from src\main\resources to target\classes
2025-02-21 16:20:27,596 [Worker-11: Building] INFO  o.a.m.s.f.DefaultMavenResourcesFiltering - skip non existing resourceDirectory C:\Users\HP\Desktop\cars\Auto_counsel\auto_counsel\src\test\resources
2025-02-21 16:21:09,079 [Worker-15: Building] INFO  o.a.m.s.f.DefaultMavenResourcesFiltering - Copying 1 resource from src\main\resources to target\classes
2025-02-21 16:21:09,096 [Worker-15: Building] INFO  o.a.m.s.f.DefaultMavenResourcesFiltering - Copying 76 resources from src\main\resources to target\classes
2025-02-21 16:21:09,128 [Worker-15: Building] INFO  o.a.m.s.f.DefaultMavenResourcesFiltering - skip non existing resourceDirectory C:\Users\HP\Desktop\cars\Auto_counsel\auto_counsel\src\test\resources
2025-02-21 16:21:37,927 [Worker-13: Building] INFO  o.a.m.s.f.DefaultMavenResourcesFiltering - Copying 1 resource from src\main\resources to target\classes
2025-02-21 16:21:37,943 [Worker-13: Building] INFO  o.a.m.s.f.DefaultMavenResourcesFiltering - Copying 76 resources from src\main\resources to target\classes
2025-02-21 16:21:37,983 [Worker-13: Building] INFO  o.a.m.s.f.DefaultMavenResourcesFiltering - skip non existing resourceDirectory C:\Users\HP\Desktop\cars\Auto_counsel\auto_counsel\src\test\resources
2025-02-21 16:21:49,349 [Worker-2: Building] INFO  o.a.m.s.f.DefaultMavenResourcesFiltering - Copying 1 resource from src\main\resources to target\classes
2025-02-21 16:21:49,384 [Worker-2: Building] INFO  o.a.m.s.f.DefaultMavenResourcesFiltering - Copying 76 resources from src\main\resources to target\classes
2025-02-21 16:21:49,432 [Worker-2: Building] INFO  o.a.m.s.f.DefaultMavenResourcesFiltering - skip non existing resourceDirectory C:\Users\HP\Desktop\cars\Auto_counsel\auto_counsel\src\test\resources
2025-02-21 16:22:02,864 [Worker-15: Building] INFO  o.a.m.s.f.DefaultMavenResourcesFiltering - Copying 1 resource from src\main\resources to target\classes
2025-02-21 16:22:02,889 [Worker-15: Building] INFO  o.a.m.s.f.DefaultMavenResourcesFiltering - Copying 76 resources from src\main\resources to target\classes
2025-02-21 16:22:02,946 [Worker-15: Building] INFO  o.a.m.s.f.DefaultMavenResourcesFiltering - skip non existing resourceDirectory C:\Users\HP\Desktop\cars\Auto_counsel\auto_counsel\src\test\resources
2025-02-21 16:24:38,847 [Worker-15: Building] INFO  o.a.m.s.f.DefaultMavenResourcesFiltering - Copying 1 resource from src\main\resources to target\classes
2025-02-21 16:24:38,867 [Worker-15: Building] INFO  o.a.m.s.f.DefaultMavenResourcesFiltering - Copying 76 resources from src\main\resources to target\classes
2025-02-21 16:24:38,937 [Worker-15: Building] INFO  o.a.m.s.f.DefaultMavenResourcesFiltering - skip non existing resourceDirectory C:\Users\HP\Desktop\cars\Auto_counsel\auto_counsel\src\test\resources
2025-02-21 16:34:32,241 [Worker-17: Building] INFO  o.a.m.s.f.DefaultMavenResourcesFiltering - Copying 1 resource from src\main\resources to target\classes
2025-02-21 16:34:32,260 [Worker-17: Building] INFO  o.a.m.s.f.DefaultMavenResourcesFiltering - Copying 76 resources from src\main\resources to target\classes
2025-02-21 16:34:32,304 [Worker-17: Building] INFO  o.a.m.s.f.DefaultMavenResourcesFiltering - skip non existing resourceDirectory C:\Users\HP\Desktop\cars\Auto_counsel\auto_counsel\src\test\resources
2025-02-21 16:35:30,850 [Worker-15: Building] INFO  o.a.m.s.f.DefaultMavenResourcesFiltering - Copying 1 resource from src\main\resources to target\classes
2025-02-21 16:35:30,868 [Worker-15: Building] INFO  o.a.m.s.f.DefaultMavenResourcesFiltering - Copying 76 resources from src\main\resources to target\classes
2025-02-21 16:35:30,915 [Worker-15: Building] INFO  o.a.m.s.f.DefaultMavenResourcesFiltering - skip non existing resourceDirectory C:\Users\HP\Desktop\cars\Auto_counsel\auto_counsel\src\test\resources
2025-02-21 16:35:55,602 [Worker-18: Building] INFO  o.a.m.s.f.DefaultMavenResourcesFiltering - Copying 1 resource from src\main\resources to target\classes
2025-02-21 16:35:55,630 [Worker-18: Building] INFO  o.a.m.s.f.DefaultMavenResourcesFiltering - Copying 76 resources from src\main\resources to target\classes
2025-02-21 16:35:55,670 [Worker-18: Building] INFO  o.a.m.s.f.DefaultMavenResourcesFiltering - skip non existing resourceDirectory C:\Users\HP\Desktop\cars\Auto_counsel\auto_counsel\src\test\resources
2025-02-21 16:42:59,638 [Worker-18: Building] INFO  o.a.m.s.f.DefaultMavenResourcesFiltering - Copying 1 resource from src\main\resources to target\classes
2025-02-21 16:42:59,666 [Worker-18: Building] INFO  o.a.m.s.f.DefaultMavenResourcesFiltering - Copying 76 resources from src\main\resources to target\classes
2025-02-21 16:42:59,750 [Worker-18: Building] INFO  o.a.m.s.f.DefaultMavenResourcesFiltering - skip non existing resourceDirectory C:\Users\HP\Desktop\cars\Auto_counsel\auto_counsel\src\test\resources
2025-02-21 16:46:02,616 [Worker-17: Building] INFO  o.a.m.s.f.DefaultMavenResourcesFiltering - Copying 1 resource from src\main\resources to target\classes
2025-02-21 16:46:02,635 [Worker-17: Building] INFO  o.a.m.s.f.DefaultMavenResourcesFiltering - Copying 76 resources from src\main\resources to target\classes
2025-02-21 16:46:02,689 [Worker-17: Building] INFO  o.a.m.s.f.DefaultMavenResourcesFiltering - skip non existing resourceDirectory C:\Users\HP\Desktop\cars\Auto_counsel\auto_counsel\src\test\resources
2025-02-21 16:46:58,351 [Worker-11: Building] INFO  o.a.m.s.f.DefaultMavenResourcesFiltering - Copying 1 resource from src\main\resources to target\classes
2025-02-21 16:46:58,382 [Worker-11: Building] INFO  o.a.m.s.f.DefaultMavenResourcesFiltering - Copying 76 resources from src\main\resources to target\classes
2025-02-21 16:46:58,428 [Worker-11: Building] INFO  o.a.m.s.f.DefaultMavenResourcesFiltering - skip non existing resourceDirectory C:\Users\HP\Desktop\cars\Auto_counsel\auto_counsel\src\test\resources
2025-02-21 16:47:18,984 [Worker-11: Building] INFO  o.a.m.s.f.DefaultMavenResourcesFiltering - Copying 1 resource from src\main\resources to target\classes
2025-02-21 16:47:19,003 [Worker-11: Building] INFO  o.a.m.s.f.DefaultMavenResourcesFiltering - Copying 76 resources from src\main\resources to target\classes
2025-02-21 16:47:19,083 [Worker-11: Building] INFO  o.a.m.s.f.DefaultMavenResourcesFiltering - skip non existing resourceDirectory C:\Users\HP\Desktop\cars\Auto_counsel\auto_counsel\src\test\resources
2025-02-21 16:48:14,123 [Worker-11: Building] INFO  o.a.m.s.f.DefaultMavenResourcesFiltering - Copying 1 resource from src\main\resources to target\classes
2025-02-21 16:48:14,141 [Worker-11: Building] INFO  o.a.m.s.f.DefaultMavenResourcesFiltering - Copying 76 resources from src\main\resources to target\classes
2025-02-21 16:48:14,223 [Worker-11: Building] INFO  o.a.m.s.f.DefaultMavenResourcesFiltering - skip non existing resourceDirectory C:\Users\HP\Desktop\cars\Auto_counsel\auto_counsel\src\test\resources
2025-02-21 16:49:42,183 [Worker-0: Building] INFO  o.a.m.s.f.DefaultMavenResourcesFiltering - Copying 1 resource from src\main\resources to target\classes
2025-02-21 16:49:42,202 [Worker-0: Building] INFO  o.a.m.s.f.DefaultMavenResourcesFiltering - Copying 76 resources from src\main\resources to target\classes
2025-02-21 16:49:42,264 [Worker-0: Building] INFO  o.a.m.s.f.DefaultMavenResourcesFiltering - skip non existing resourceDirectory C:\Users\HP\Desktop\cars\Auto_counsel\auto_counsel\src\test\resources
2025-02-21 16:50:06,058 [Worker-13: Building] INFO  o.a.m.s.f.DefaultMavenResourcesFiltering - Copying 1 resource from src\main\resources to target\classes
2025-02-21 16:50:06,079 [Worker-13: Building] INFO  o.a.m.s.f.DefaultMavenResourcesFiltering - Copying 76 resources from src\main\resources to target\classes
2025-02-21 16:50:06,129 [Worker-13: Building] INFO  o.a.m.s.f.DefaultMavenResourcesFiltering - skip non existing resourceDirectory C:\Users\HP\Desktop\cars\Auto_counsel\auto_counsel\src\test\resources
2025-02-21 16:50:39,067 [Worker-19: Building] INFO  o.a.m.s.f.DefaultMavenResourcesFiltering - Copying 1 resource from src\main\resources to target\classes
2025-02-21 16:50:39,083 [Worker-19: Building] INFO  o.a.m.s.f.DefaultMavenResourcesFiltering - Copying 76 resources from src\main\resources to target\classes
2025-02-21 16:50:39,136 [Worker-19: Building] INFO  o.a.m.s.f.DefaultMavenResourcesFiltering - skip non existing resourceDirectory C:\Users\HP\Desktop\cars\Auto_counsel\auto_counsel\src\test\resources
2025-02-21 16:53:35,822 [Worker-2: Building] INFO  o.a.m.s.f.DefaultMavenResourcesFiltering - Copying 1 resource from src\main\resources to target\classes
2025-02-21 16:53:35,860 [Worker-2: Building] INFO  o.a.m.s.f.DefaultMavenResourcesFiltering - Copying 76 resources from src\main\resources to target\classes
2025-02-21 16:53:35,910 [Worker-2: Building] INFO  o.a.m.s.f.DefaultMavenResourcesFiltering - skip non existing resourceDirectory C:\Users\HP\Desktop\cars\Auto_counsel\auto_counsel\src\test\resources
2025-02-21 16:58:11,067 [Worker-17: Building] INFO  o.a.m.s.f.DefaultMavenResourcesFiltering - Copying 1 resource from src\main\resources to target\classes
2025-02-21 16:58:11,109 [Worker-17: Building] INFO  o.a.m.s.f.DefaultMavenResourcesFiltering - Copying 76 resources from src\main\resources to target\classes
2025-02-21 16:58:11,156 [Worker-17: Building] INFO  o.a.m.s.f.DefaultMavenResourcesFiltering - skip non existing resourceDirectory C:\Users\HP\Desktop\cars\Auto_counsel\auto_counsel\src\test\resources
2025-02-21 17:01:16,024 [Worker-0: Building] INFO  o.a.m.s.f.DefaultMavenResourcesFiltering - Copying 1 resource from src\main\resources to target\classes
2025-02-21 17:01:16,045 [Worker-0: Building] INFO  o.a.m.s.f.DefaultMavenResourcesFiltering - Copying 76 resources from src\main\resources to target\classes
2025-02-21 17:01:16,098 [Worker-0: Building] INFO  o.a.m.s.f.DefaultMavenResourcesFiltering - skip non existing resourceDirectory C:\Users\HP\Desktop\cars\Auto_counsel\auto_counsel\src\test\resources
2025-02-21 17:02:35,529 [Worker-15: Building] INFO  o.a.m.s.f.DefaultMavenResourcesFiltering - Copying 1 resource from src\main\resources to target\classes
2025-02-21 17:02:35,548 [Worker-15: Building] INFO  o.a.m.s.f.DefaultMavenResourcesFiltering - Copying 76 resources from src\main\resources to target\classes
2025-02-21 17:02:35,613 [Worker-15: Building] INFO  o.a.m.s.f.DefaultMavenResourcesFiltering - skip non existing resourceDirectory C:\Users\HP\Desktop\cars\Auto_counsel\auto_counsel\src\test\resources
2025-02-21 17:06:53,619 [Worker-19: Building] INFO  o.a.m.s.f.DefaultMavenResourcesFiltering - Copying 1 resource from src\main\resources to target\classes
2025-02-21 17:06:53,641 [Worker-19: Building] INFO  o.a.m.s.f.DefaultMavenResourcesFiltering - Copying 76 resources from src\main\resources to target\classes
2025-02-21 17:06:53,690 [Worker-19: Building] INFO  o.a.m.s.f.DefaultMavenResourcesFiltering - skip non existing resourceDirectory C:\Users\HP\Desktop\cars\Auto_counsel\auto_counsel\src\test\resources
2025-02-21 17:19:26,542 [Worker-18: Building] INFO  o.a.m.s.f.DefaultMavenResourcesFiltering - Copying 1 resource from src\main\resources to target\classes
2025-02-21 17:19:26,560 [Worker-18: Building] INFO  o.a.m.s.f.DefaultMavenResourcesFiltering - Copying 76 resources from src\main\resources to target\classes
2025-02-21 17:19:26,594 [Worker-18: Building] INFO  o.a.m.s.f.DefaultMavenResourcesFiltering - skip non existing resourceDirectory C:\Users\HP\Desktop\cars\Auto_counsel\auto_counsel\src\test\resources
2025-02-21 17:20:17,200 [Worker-0: Building] INFO  o.a.m.s.f.DefaultMavenResourcesFiltering - Copying 1 resource from src\main\resources to target\classes
2025-02-21 17:20:17,216 [Worker-0: Building] INFO  o.a.m.s.f.DefaultMavenResourcesFiltering - Copying 76 resources from src\main\resources to target\classes
2025-02-21 17:20:17,276 [Worker-0: Building] INFO  o.a.m.s.f.DefaultMavenResourcesFiltering - skip non existing resourceDirectory C:\Users\HP\Desktop\cars\Auto_counsel\auto_counsel\src\test\resources
2025-02-21 17:20:59,391 [Worker-15: Building] INFO  o.a.m.s.f.DefaultMavenResourcesFiltering - Copying 1 resource from src\main\resources to target\classes
2025-02-21 17:20:59,409 [Worker-15: Building] INFO  o.a.m.s.f.DefaultMavenResourcesFiltering - Copying 76 resources from src\main\resources to target\classes
2025-02-21 17:20:59,483 [Worker-15: Building] INFO  o.a.m.s.f.DefaultMavenResourcesFiltering - skip non existing resourceDirectory C:\Users\HP\Desktop\cars\Auto_counsel\auto_counsel\src\test\resources
2025-02-21 17:24:21,234 [Worker-12: Building] INFO  o.a.m.s.f.DefaultMavenResourcesFiltering - Copying 1 resource from src\main\resources to target\classes
2025-02-21 17:24:21,251 [Worker-12: Building] INFO  o.a.m.s.f.DefaultMavenResourcesFiltering - Copying 76 resources from src\main\resources to target\classes
2025-02-21 17:24:21,320 [Worker-12: Building] INFO  o.a.m.s.f.DefaultMavenResourcesFiltering - skip non existing resourceDirectory C:\Users\HP\Desktop\cars\Auto_counsel\auto_counsel\src\test\resources
2025-02-21 17:26:20,107 [Worker-12: Building] INFO  o.a.m.s.f.DefaultMavenResourcesFiltering - Copying 1 resource from src\main\resources to target\classes
2025-02-21 17:26:20,168 [Worker-12: Building] INFO  o.a.m.s.f.DefaultMavenResourcesFiltering - Copying 76 resources from src\main\resources to target\classes
2025-02-21 17:26:20,228 [Worker-12: Building] INFO  o.a.m.s.f.DefaultMavenResourcesFiltering - skip non existing resourceDirectory C:\Users\HP\Desktop\cars\Auto_counsel\auto_counsel\src\test\resources
2025-02-21 17:26:39,734 [Worker-18: Building] INFO  o.a.m.s.f.DefaultMavenResourcesFiltering - Copying 0 resource from src\main\resources to target\classes
2025-02-21 17:26:39,765 [Worker-18: Building] INFO  o.a.m.s.f.DefaultMavenResourcesFiltering - Copying 0 resource from src\main\resources to target\classes
2025-02-21 17:26:39,776 [Worker-18: Building] INFO  o.a.m.s.f.DefaultMavenResourcesFiltering - skip non existing resourceDirectory C:\Users\HP\Desktop\cars\Auto_counsel\auto_counsel\src\test\resources
2025-02-21 17:26:56,296 [Worker-15: Building] INFO  o.a.m.s.f.DefaultMavenResourcesFiltering - Copying 0 resource from src\main\resources to target\classes
2025-02-21 17:26:56,331 [Worker-15: Building] INFO  o.a.m.s.f.DefaultMavenResourcesFiltering - Copying 0 resource from src\main\resources to target\classes
2025-02-21 17:26:56,339 [Worker-15: Building] INFO  o.a.m.s.f.DefaultMavenResourcesFiltering - skip non existing resourceDirectory C:\Users\HP\Desktop\cars\Auto_counsel\auto_counsel\src\test\resources
2025-02-21 17:29:14,845 [Worker-12: Building] INFO  o.a.m.s.f.DefaultMavenResourcesFiltering - Copying 1 resource from src\main\resources to target\classes
2025-02-21 17:29:14,865 [Worker-12: Building] INFO  o.a.m.s.f.DefaultMavenResourcesFiltering - Copying 76 resources from src\main\resources to target\classes
2025-02-21 17:29:14,900 [Worker-12: Building] INFO  o.a.m.s.f.DefaultMavenResourcesFiltering - skip non existing resourceDirectory C:\Users\HP\Desktop\cars\Auto_counsel\auto_counsel\src\test\resources
2025-02-21 17:29:46,430 [Worker-17: Building] INFO  o.a.m.s.f.DefaultMavenResourcesFiltering - Copying 1 resource from src\main\resources to target\classes
2025-02-21 17:29:46,452 [Worker-17: Building] INFO  o.a.m.s.f.DefaultMavenResourcesFiltering - Copying 76 resources from src\main\resources to target\classes
2025-02-21 17:29:46,510 [Worker-17: Building] INFO  o.a.m.s.f.DefaultMavenResourcesFiltering - skip non existing resourceDirectory C:\Users\HP\Desktop\cars\Auto_counsel\auto_counsel\src\test\resources
2025-02-21 17:40:57,870 [Worker-19: Building] INFO  o.a.m.s.f.DefaultMavenResourcesFiltering - Copying 1 resource from src\main\resources to target\classes
2025-02-21 17:40:57,895 [Worker-19: Building] INFO  o.a.m.s.f.DefaultMavenResourcesFiltering - Copying 76 resources from src\main\resources to target\classes
2025-02-21 17:40:57,940 [Worker-19: Building] INFO  o.a.m.s.f.DefaultMavenResourcesFiltering - skip non existing resourceDirectory C:\Users\HP\Desktop\cars\Auto_counsel\auto_counsel\src\test\resources
2025-02-21 17:41:36,156 [Worker-19: Building] INFO  o.a.m.s.f.DefaultMavenResourcesFiltering - Copying 1 resource from src\main\resources to target\classes
2025-02-21 17:41:36,181 [Worker-19: Building] INFO  o.a.m.s.f.DefaultMavenResourcesFiltering - Copying 76 resources from src\main\resources to target\classes
2025-02-21 17:41:36,229 [Worker-19: Building] INFO  o.a.m.s.f.DefaultMavenResourcesFiltering - skip non existing resourceDirectory C:\Users\HP\Desktop\cars\Auto_counsel\auto_counsel\src\test\resources
2025-02-21 17:42:28,823 [Worker-17: Building] INFO  o.a.m.s.f.DefaultMavenResourcesFiltering - Copying 1 resource from src\main\resources to target\classes
2025-02-21 17:42:28,844 [Worker-17: Building] INFO  o.a.m.s.f.DefaultMavenResourcesFiltering - Copying 76 resources from src\main\resources to target\classes
2025-02-21 17:42:28,892 [Worker-17: Building] INFO  o.a.m.s.f.DefaultMavenResourcesFiltering - skip non existing resourceDirectory C:\Users\HP\Desktop\cars\Auto_counsel\auto_counsel\src\test\resources
2025-02-21 17:48:25,772 [Worker-0: Building] INFO  o.a.m.s.f.DefaultMavenResourcesFiltering - Copying 1 resource from src\main\resources to target\classes
2025-02-21 17:48:25,816 [Worker-0: Building] INFO  o.a.m.s.f.DefaultMavenResourcesFiltering - Copying 76 resources from src\main\resources to target\classes
2025-02-21 17:48:25,859 [Worker-0: Building] INFO  o.a.m.s.f.DefaultMavenResourcesFiltering - skip non existing resourceDirectory C:\Users\HP\Desktop\cars\Auto_counsel\auto_counsel\src\test\resources
2025-02-21 17:49:04,317 [Worker-20: Building] INFO  o.a.m.s.f.DefaultMavenResourcesFiltering - Copying 1 resource from src\main\resources to target\classes
2025-02-21 17:49:04,334 [Worker-20: Building] INFO  o.a.m.s.f.DefaultMavenResourcesFiltering - Copying 76 resources from src\main\resources to target\classes
2025-02-21 17:49:04,384 [Worker-20: Building] INFO  o.a.m.s.f.DefaultMavenResourcesFiltering - skip non existing resourceDirectory C:\Users\HP\Desktop\cars\Auto_counsel\auto_counsel\src\test\resources
2025-02-21 17:50:45,101 [Worker-11: Building] INFO  o.a.m.s.f.DefaultMavenResourcesFiltering - Copying 1 resource from src\main\resources to target\classes
2025-02-21 17:50:45,113 [Worker-11: Building] INFO  o.a.m.s.f.DefaultMavenResourcesFiltering - Copying 76 resources from src\main\resources to target\classes
2025-02-21 17:50:45,159 [Worker-11: Building] INFO  o.a.m.s.f.DefaultMavenResourcesFiltering - skip non existing resourceDirectory C:\Users\HP\Desktop\cars\Auto_counsel\auto_counsel\src\test\resources
2025-02-21 17:51:30,518 [Worker-13: Building] INFO  o.a.m.s.f.DefaultMavenResourcesFiltering - Copying 1 resource from src\main\resources to target\classes
2025-02-21 17:51:30,538 [Worker-13: Building] INFO  o.a.m.s.f.DefaultMavenResourcesFiltering - Copying 76 resources from src\main\resources to target\classes
2025-02-21 17:51:30,588 [Worker-13: Building] INFO  o.a.m.s.f.DefaultMavenResourcesFiltering - skip non existing resourceDirectory C:\Users\HP\Desktop\cars\Auto_counsel\auto_counsel\src\test\resources
2025-02-21 17:52:47,840 [Worker-20: Building] INFO  o.a.m.s.f.DefaultMavenResourcesFiltering - Copying 1 resource from src\main\resources to target\classes
2025-02-21 17:52:47,857 [Worker-20: Building] INFO  o.a.m.s.f.DefaultMavenResourcesFiltering - Copying 76 resources from src\main\resources to target\classes
2025-02-21 17:52:47,903 [Worker-20: Building] INFO  o.a.m.s.f.DefaultMavenResourcesFiltering - skip non existing resourceDirectory C:\Users\HP\Desktop\cars\Auto_counsel\auto_counsel\src\test\resources
2025-02-21 17:55:27,595 [Worker-11: Building] INFO  o.a.m.s.f.DefaultMavenResourcesFiltering - Copying 1 resource from src\main\resources to target\classes
2025-02-21 17:55:27,611 [Worker-11: Building] INFO  o.a.m.s.f.DefaultMavenResourcesFiltering - Copying 76 resources from src\main\resources to target\classes
2025-02-21 17:55:27,655 [Worker-11: Building] INFO  o.a.m.s.f.DefaultMavenResourcesFiltering - skip non existing resourceDirectory C:\Users\HP\Desktop\cars\Auto_counsel\auto_counsel\src\test\resources
2025-02-21 17:56:20,268 [Worker-12: Building] INFO  o.a.m.s.f.DefaultMavenResourcesFiltering - Copying 1 resource from src\main\resources to target\classes
2025-02-21 17:56:20,287 [Worker-12: Building] INFO  o.a.m.s.f.DefaultMavenResourcesFiltering - Copying 76 resources from src\main\resources to target\classes
2025-02-21 17:56:20,336 [Worker-12: Building] INFO  o.a.m.s.f.DefaultMavenResourcesFiltering - skip non existing resourceDirectory C:\Users\HP\Desktop\cars\Auto_counsel\auto_counsel\src\test\resources
2025-02-21 17:58:26,725 [Worker-19: Building] INFO  o.a.m.s.f.DefaultMavenResourcesFiltering - Copying 1 resource from src\main\resources to target\classes
2025-02-21 17:58:26,747 [Worker-19: Building] INFO  o.a.m.s.f.DefaultMavenResourcesFiltering - Copying 76 resources from src\main\resources to target\classes
2025-02-21 17:58:26,798 [Worker-19: Building] INFO  o.a.m.s.f.DefaultMavenResourcesFiltering - skip non existing resourceDirectory C:\Users\HP\Desktop\cars\Auto_counsel\auto_counsel\src\test\resources
2025-02-21 17:58:46,154 [Worker-19: Building] INFO  o.a.m.s.f.DefaultMavenResourcesFiltering - Copying 1 resource from src\main\resources to target\classes
2025-02-21 17:58:46,170 [Worker-19: Building] INFO  o.a.m.s.f.DefaultMavenResourcesFiltering - Copying 76 resources from src\main\resources to target\classes
2025-02-21 17:58:46,223 [Worker-19: Building] INFO  o.a.m.s.f.DefaultMavenResourcesFiltering - skip non existing resourceDirectory C:\Users\HP\Desktop\cars\Auto_counsel\auto_counsel\src\test\resources
2025-02-21 18:12:45,703 [Worker-17: Building] INFO  o.a.m.s.f.DefaultMavenResourcesFiltering - Copying 1 resource from src\main\resources to target\classes
2025-02-21 18:12:45,731 [Worker-17: Building] INFO  o.a.m.s.f.DefaultMavenResourcesFiltering - Copying 76 resources from src\main\resources to target\classes
2025-02-21 18:12:45,771 [Worker-17: Building] INFO  o.a.m.s.f.DefaultMavenResourcesFiltering - skip non existing resourceDirectory C:\Users\HP\Desktop\cars\Auto_counsel\auto_counsel\src\test\resources
2025-02-21 18:16:06,642 [Worker-0: Building] INFO  o.a.m.s.f.DefaultMavenResourcesFiltering - Copying 1 resource from src\main\resources to target\classes
2025-02-21 18:16:06,682 [Worker-0: Building] INFO  o.a.m.s.f.DefaultMavenResourcesFiltering - Copying 76 resources from src\main\resources to target\classes
2025-02-21 18:16:06,729 [Worker-0: Building] INFO  o.a.m.s.f.DefaultMavenResourcesFiltering - skip non existing resourceDirectory C:\Users\HP\Desktop\cars\Auto_counsel\auto_counsel\src\test\resources
2025-02-21 18:17:04,523 [Worker-11: Building] INFO  o.a.m.s.f.DefaultMavenResourcesFiltering - Copying 1 resource from src\main\resources to target\classes
2025-02-21 18:17:04,542 [Worker-11: Building] INFO  o.a.m.s.f.DefaultMavenResourcesFiltering - Copying 76 resources from src\main\resources to target\classes
2025-02-21 18:17:04,595 [Worker-11: Building] INFO  o.a.m.s.f.DefaultMavenResourcesFiltering - skip non existing resourceDirectory C:\Users\HP\Desktop\cars\Auto_counsel\auto_counsel\src\test\resources
2025-02-21 18:17:26,763 [Worker-13: Building] INFO  o.a.m.s.f.DefaultMavenResourcesFiltering - Copying 1 resource from src\main\resources to target\classes
2025-02-21 18:17:26,793 [Worker-13: Building] INFO  o.a.m.s.f.DefaultMavenResourcesFiltering - Copying 76 resources from src\main\resources to target\classes
2025-02-21 18:17:26,841 [Worker-13: Building] INFO  o.a.m.s.f.DefaultMavenResourcesFiltering - skip non existing resourceDirectory C:\Users\HP\Desktop\cars\Auto_counsel\auto_counsel\src\test\resources
2025-02-21 18:17:38,256 [Worker-0: Building] INFO  o.a.m.s.f.DefaultMavenResourcesFiltering - Copying 1 resource from src\main\resources to target\classes
2025-02-21 18:17:38,271 [Worker-0: Building] INFO  o.a.m.s.f.DefaultMavenResourcesFiltering - Copying 76 resources from src\main\resources to target\classes
2025-02-21 18:17:38,319 [Worker-0: Building] INFO  o.a.m.s.f.DefaultMavenResourcesFiltering - skip non existing resourceDirectory C:\Users\HP\Desktop\cars\Auto_counsel\auto_counsel\src\test\resources
2025-02-21 18:22:07,541 [Worker-13: Building] INFO  o.a.m.s.f.DefaultMavenResourcesFiltering - Copying 1 resource from src\main\resources to target\classes
2025-02-21 18:22:07,565 [Worker-13: Building] INFO  o.a.m.s.f.DefaultMavenResourcesFiltering - Copying 76 resources from src\main\resources to target\classes
2025-02-21 18:22:07,595 [Worker-13: Building] INFO  o.a.m.s.f.DefaultMavenResourcesFiltering - skip non existing resourceDirectory C:\Users\HP\Desktop\cars\Auto_counsel\auto_counsel\src\test\resources
2025-02-21 18:23:18,257 [Worker-11: Building] INFO  o.a.m.s.f.DefaultMavenResourcesFiltering - Copying 1 resource from src\main\resources to target\classes
2025-02-21 18:23:18,275 [Worker-11: Building] INFO  o.a.m.s.f.DefaultMavenResourcesFiltering - Copying 76 resources from src\main\resources to target\classes
2025-02-21 18:23:18,328 [Worker-11: Building] INFO  o.a.m.s.f.DefaultMavenResourcesFiltering - skip non existing resourceDirectory C:\Users\HP\Desktop\cars\Auto_counsel\auto_counsel\src\test\resources
2025-02-21 18:25:39,390 [Worker-0: Building] INFO  o.a.m.s.f.DefaultMavenResourcesFiltering - Copying 1 resource from src\main\resources to target\classes
2025-02-21 18:25:39,407 [Worker-0: Building] INFO  o.a.m.s.f.DefaultMavenResourcesFiltering - Copying 76 resources from src\main\resources to target\classes
2025-02-21 18:25:39,453 [Worker-0: Building] INFO  o.a.m.s.f.DefaultMavenResourcesFiltering - skip non existing resourceDirectory C:\Users\HP\Desktop\cars\Auto_counsel\auto_counsel\src\test\resources
2025-02-21 18:25:55,623 [Worker-11: Building] INFO  o.a.m.s.f.DefaultMavenResourcesFiltering - Copying 1 resource from src\main\resources to target\classes
2025-02-21 18:25:55,640 [Worker-11: Building] INFO  o.a.m.s.f.DefaultMavenResourcesFiltering - Copying 76 resources from src\main\resources to target\classes
2025-02-21 18:25:55,674 [Worker-11: Building] INFO  o.a.m.s.f.DefaultMavenResourcesFiltering - skip non existing resourceDirectory C:\Users\HP\Desktop\cars\Auto_counsel\auto_counsel\src\test\resources
2025-02-21 18:26:02,981 [Worker-17: Building] INFO  o.a.m.s.f.DefaultMavenResourcesFiltering - Copying 1 resource from src\main\resources to target\classes
2025-02-21 18:26:02,998 [Worker-17: Building] INFO  o.a.m.s.f.DefaultMavenResourcesFiltering - Copying 76 resources from src\main\resources to target\classes
2025-02-21 18:26:03,062 [Worker-17: Building] INFO  o.a.m.s.f.DefaultMavenResourcesFiltering - skip non existing resourceDirectory C:\Users\HP\Desktop\cars\Auto_counsel\auto_counsel\src\test\resources
2025-02-21 18:27:49,555 [Worker-13: Building] INFO  o.a.m.s.f.DefaultMavenResourcesFiltering - Copying 1 resource from src\main\resources to target\classes
2025-02-21 18:27:49,575 [Worker-13: Building] INFO  o.a.m.s.f.DefaultMavenResourcesFiltering - Copying 76 resources from src\main\resources to target\classes
2025-02-21 18:27:49,615 [Worker-13: Building] INFO  o.a.m.s.f.DefaultMavenResourcesFiltering - skip non existing resourceDirectory C:\Users\HP\Desktop\cars\Auto_counsel\auto_counsel\src\test\resources
2025-02-21 18:30:34,809 [Worker-4: Building] INFO  o.a.m.s.f.DefaultMavenResourcesFiltering - Copying 1 resource from src\main\resources to target\classes
2025-02-21 18:30:34,827 [Worker-4: Building] INFO  o.a.m.s.f.DefaultMavenResourcesFiltering - Copying 76 resources from src\main\resources to target\classes
2025-02-21 18:30:34,882 [Worker-4: Building] INFO  o.a.m.s.f.DefaultMavenResourcesFiltering - skip non existing resourceDirectory C:\Users\HP\Desktop\cars\Auto_counsel\auto_counsel\src\test\resources
2025-02-21 18:35:43,869 [Worker-19: Building] INFO  o.a.m.s.f.DefaultMavenResourcesFiltering - Copying 1 resource from src\main\resources to target\classes
2025-02-21 18:35:43,906 [Worker-19: Building] INFO  o.a.m.s.f.DefaultMavenResourcesFiltering - Copying 76 resources from src\main\resources to target\classes
2025-02-21 18:35:43,948 [Worker-19: Building] INFO  o.a.m.s.f.DefaultMavenResourcesFiltering - skip non existing resourceDirectory C:\Users\HP\Desktop\cars\Auto_counsel\auto_counsel\src\test\resources
2025-02-21 18:38:20,397 [Worker-0: Building] INFO  o.a.m.s.f.DefaultMavenResourcesFiltering - Copying 1 resource from src\main\resources to target\classes
2025-02-21 18:38:20,416 [Worker-0: Building] INFO  o.a.m.s.f.DefaultMavenResourcesFiltering - Copying 76 resources from src\main\resources to target\classes
2025-02-21 18:38:20,465 [Worker-0: Building] INFO  o.a.m.s.f.DefaultMavenResourcesFiltering - skip non existing resourceDirectory C:\Users\HP\Desktop\cars\Auto_counsel\auto_counsel\src\test\resources
2025-02-21 18:40:18,250 [Worker-12: Building] INFO  o.a.m.s.f.DefaultMavenResourcesFiltering - Copying 1 resource from src\main\resources to target\classes
2025-02-21 18:40:18,261 [Worker-12: Building] INFO  o.a.m.s.f.DefaultMavenResourcesFiltering - Copying 76 resources from src\main\resources to target\classes
2025-02-21 18:40:18,341 [Worker-12: Building] INFO  o.a.m.s.f.DefaultMavenResourcesFiltering - skip non existing resourceDirectory C:\Users\HP\Desktop\cars\Auto_counsel\auto_counsel\src\test\resources
2025-02-21 18:48:49,605 [Worker-4: Building] INFO  o.a.m.s.f.DefaultMavenResourcesFiltering - Copying 1 resource from src\main\resources to target\classes
2025-02-21 18:48:49,628 [Worker-4: Building] INFO  o.a.m.s.f.DefaultMavenResourcesFiltering - Copying 76 resources from src\main\resources to target\classes
2025-02-21 18:48:49,688 [Worker-4: Building] INFO  o.a.m.s.f.DefaultMavenResourcesFiltering - skip non existing resourceDirectory C:\Users\HP\Desktop\cars\Auto_counsel\auto_counsel\src\test\resources
2025-02-21 18:53:33,288 [Worker-21: Building] INFO  o.a.m.s.f.DefaultMavenResourcesFiltering - Copying 1 resource from src\main\resources to target\classes
2025-02-21 18:53:33,323 [Worker-21: Building] INFO  o.a.m.s.f.DefaultMavenResourcesFiltering - Copying 76 resources from src\main\resources to target\classes
2025-02-21 18:53:33,368 [Worker-21: Building] INFO  o.a.m.s.f.DefaultMavenResourcesFiltering - skip non existing resourceDirectory C:\Users\HP\Desktop\cars\Auto_counsel\auto_counsel\src\test\resources
2025-02-21 18:55:24,303 [Worker-22: Building] INFO  o.a.m.s.f.DefaultMavenResourcesFiltering - Copying 1 resource from src\main\resources to target\classes
2025-02-21 18:55:24,319 [Worker-22: Building] INFO  o.a.m.s.f.DefaultMavenResourcesFiltering - Copying 76 resources from src\main\resources to target\classes
2025-02-21 18:55:24,354 [Worker-22: Building] INFO  o.a.m.s.f.DefaultMavenResourcesFiltering - skip non existing resourceDirectory C:\Users\HP\Desktop\cars\Auto_counsel\auto_counsel\src\test\resources
2025-02-21 18:56:13,618 [Worker-17: Building] INFO  o.a.m.s.f.DefaultMavenResourcesFiltering - Copying 1 resource from src\main\resources to target\classes
2025-02-21 18:56:13,641 [Worker-17: Building] INFO  o.a.m.s.f.DefaultMavenResourcesFiltering - Copying 76 resources from src\main\resources to target\classes
2025-02-21 18:56:13,694 [Worker-17: Building] INFO  o.a.m.s.f.DefaultMavenResourcesFiltering - skip non existing resourceDirectory C:\Users\HP\Desktop\cars\Auto_counsel\auto_counsel\src\test\resources
2025-02-21 18:57:27,656 [Worker-17: Building] INFO  o.a.m.s.f.DefaultMavenResourcesFiltering - Copying 1 resource from src\main\resources to target\classes
2025-02-21 18:57:27,706 [Worker-17: Building] INFO  o.a.m.s.f.DefaultMavenResourcesFiltering - Copying 76 resources from src\main\resources to target\classes
2025-02-21 18:57:27,756 [Worker-17: Building] INFO  o.a.m.s.f.DefaultMavenResourcesFiltering - skip non existing resourceDirectory C:\Users\HP\Desktop\cars\Auto_counsel\auto_counsel\src\test\resources
2025-02-21 19:00:14,602 [Worker-21: Building] INFO  o.a.m.s.f.DefaultMavenResourcesFiltering - Copying 1 resource from src\main\resources to target\classes
2025-02-21 19:00:14,622 [Worker-21: Building] INFO  o.a.m.s.f.DefaultMavenResourcesFiltering - Copying 76 resources from src\main\resources to target\classes
2025-02-21 19:00:14,668 [Worker-21: Building] INFO  o.a.m.s.f.DefaultMavenResourcesFiltering - skip non existing resourceDirectory C:\Users\HP\Desktop\cars\Auto_counsel\auto_counsel\src\test\resources
2025-02-21 19:04:55,984 [Worker-13: Building] INFO  o.a.m.s.f.DefaultMavenResourcesFiltering - Copying 1 resource from src\main\resources to target\classes
2025-02-21 19:04:56,005 [Worker-13: Building] INFO  o.a.m.s.f.DefaultMavenResourcesFiltering - Copying 76 resources from src\main\resources to target\classes
2025-02-21 19:04:56,063 [Worker-13: Building] INFO  o.a.m.s.f.DefaultMavenResourcesFiltering - skip non existing resourceDirectory C:\Users\HP\Desktop\cars\Auto_counsel\auto_counsel\src\test\resources
2025-02-21 19:07:13,329 [Worker-11: Building] INFO  o.a.m.s.f.DefaultMavenResourcesFiltering - Copying 1 resource from src\main\resources to target\classes
2025-02-21 19:07:13,346 [Worker-11: Building] INFO  o.a.m.s.f.DefaultMavenResourcesFiltering - Copying 76 resources from src\main\resources to target\classes
2025-02-21 19:07:13,388 [Worker-11: Building] INFO  o.a.m.s.f.DefaultMavenResourcesFiltering - skip non existing resourceDirectory C:\Users\HP\Desktop\cars\Auto_counsel\auto_counsel\src\test\resources
2025-02-21 19:07:46,641 [Worker-13: Building] INFO  o.a.m.s.f.DefaultMavenResourcesFiltering - Copying 1 resource from src\main\resources to target\classes
2025-02-21 19:07:46,660 [Worker-13: Building] INFO  o.a.m.s.f.DefaultMavenResourcesFiltering - Copying 76 resources from src\main\resources to target\classes
2025-02-21 19:07:46,706 [Worker-13: Building] INFO  o.a.m.s.f.DefaultMavenResourcesFiltering - skip non existing resourceDirectory C:\Users\HP\Desktop\cars\Auto_counsel\auto_counsel\src\test\resources
2025-02-21 19:08:30,009 [Worker-21: Building] INFO  o.a.m.s.f.DefaultMavenResourcesFiltering - Copying 1 resource from src\main\resources to target\classes
2025-02-21 19:08:30,042 [Worker-21: Building] INFO  o.a.m.s.f.DefaultMavenResourcesFiltering - Copying 76 resources from src\main\resources to target\classes
2025-02-21 19:08:30,092 [Worker-21: Building] INFO  o.a.m.s.f.DefaultMavenResourcesFiltering - skip non existing resourceDirectory C:\Users\HP\Desktop\cars\Auto_counsel\auto_counsel\src\test\resources
2025-02-21 19:10:47,784 [Worker-17: Building] INFO  o.a.m.s.f.DefaultMavenResourcesFiltering - Copying 1 resource from src\main\resources to target\classes
2025-02-21 19:10:47,803 [Worker-17: Building] INFO  o.a.m.s.f.DefaultMavenResourcesFiltering - Copying 76 resources from src\main\resources to target\classes
2025-02-21 19:10:47,838 [Worker-17: Building] INFO  o.a.m.s.f.DefaultMavenResourcesFiltering - skip non existing resourceDirectory C:\Users\HP\Desktop\cars\Auto_counsel\auto_counsel\src\test\resources
2025-02-21 19:11:01,894 [Worker-4: Building] INFO  o.a.m.s.f.DefaultMavenResourcesFiltering - Copying 1 resource from src\main\resources to target\classes
2025-02-21 19:11:01,909 [Worker-4: Building] INFO  o.a.m.s.f.DefaultMavenResourcesFiltering - Copying 76 resources from src\main\resources to target\classes
2025-02-21 19:11:01,940 [Worker-4: Building] INFO  o.a.m.s.f.DefaultMavenResourcesFiltering - skip non existing resourceDirectory C:\Users\HP\Desktop\cars\Auto_counsel\auto_counsel\src\test\resources
2025-02-21 19:14:20,248 [Worker-13: Building] INFO  o.a.m.s.f.DefaultMavenResourcesFiltering - Copying 1 resource from src\main\resources to target\classes
2025-02-21 19:14:20,268 [Worker-13: Building] INFO  o.a.m.s.f.DefaultMavenResourcesFiltering - Copying 76 resources from src\main\resources to target\classes
2025-02-21 19:14:20,309 [Worker-13: Building] INFO  o.a.m.s.f.DefaultMavenResourcesFiltering - skip non existing resourceDirectory C:\Users\HP\Desktop\cars\Auto_counsel\auto_counsel\src\test\resources
2025-02-21 19:15:03,915 [Worker-17: Building] INFO  o.a.m.s.f.DefaultMavenResourcesFiltering - Copying 1 resource from src\main\resources to target\classes
2025-02-21 19:15:03,934 [Worker-17: Building] INFO  o.a.m.s.f.DefaultMavenResourcesFiltering - Copying 76 resources from src\main\resources to target\classes
2025-02-21 19:15:03,979 [Worker-17: Building] INFO  o.a.m.s.f.DefaultMavenResourcesFiltering - skip non existing resourceDirectory C:\Users\HP\Desktop\cars\Auto_counsel\auto_counsel\src\test\resources
2025-02-21 19:17:26,173 [Worker-17: Building] INFO  o.a.m.s.f.DefaultMavenResourcesFiltering - Copying 1 resource from src\main\resources to target\classes
2025-02-21 19:17:26,192 [Worker-17: Building] INFO  o.a.m.s.f.DefaultMavenResourcesFiltering - Copying 76 resources from src\main\resources to target\classes
2025-02-21 19:17:26,245 [Worker-17: Building] INFO  o.a.m.s.f.DefaultMavenResourcesFiltering - skip non existing resourceDirectory C:\Users\HP\Desktop\cars\Auto_counsel\auto_counsel\src\test\resources
2025-02-21 19:19:30,368 [Worker-21: Building] INFO  o.a.m.s.f.DefaultMavenResourcesFiltering - Copying 1 resource from src\main\resources to target\classes
2025-02-21 19:19:30,394 [Worker-21: Building] INFO  o.a.m.s.f.DefaultMavenResourcesFiltering - Copying 76 resources from src\main\resources to target\classes
2025-02-21 19:19:30,456 [Worker-21: Building] INFO  o.a.m.s.f.DefaultMavenResourcesFiltering - skip non existing resourceDirectory C:\Users\HP\Desktop\cars\Auto_counsel\auto_counsel\src\test\resources
2025-02-21 19:20:56,859 [Worker-23: Building] INFO  o.a.m.s.f.DefaultMavenResourcesFiltering - Copying 1 resource from src\main\resources to target\classes
2025-02-21 19:20:56,876 [Worker-23: Building] INFO  o.a.m.s.f.DefaultMavenResourcesFiltering - Copying 76 resources from src\main\resources to target\classes
2025-02-21 19:20:56,911 [Worker-23: Building] INFO  o.a.m.s.f.DefaultMavenResourcesFiltering - skip non existing resourceDirectory C:\Users\HP\Desktop\cars\Auto_counsel\auto_counsel\src\test\resources
2025-02-21 19:23:13,413 [Worker-13: Building] INFO  o.a.m.s.f.DefaultMavenResourcesFiltering - Copying 1 resource from src\main\resources to target\classes
2025-02-21 19:23:13,438 [Worker-13: Building] INFO  o.a.m.s.f.DefaultMavenResourcesFiltering - Copying 76 resources from src\main\resources to target\classes
2025-02-21 19:23:13,502 [Worker-13: Building] INFO  o.a.m.s.f.DefaultMavenResourcesFiltering - skip non existing resourceDirectory C:\Users\HP\Desktop\cars\Auto_counsel\auto_counsel\src\test\resources
2025-02-21 19:25:10,465 [Worker-13: Building] INFO  o.a.m.s.f.DefaultMavenResourcesFiltering - Copying 1 resource from src\main\resources to target\classes
2025-02-21 19:25:10,481 [Worker-13: Building] INFO  o.a.m.s.f.DefaultMavenResourcesFiltering - Copying 76 resources from src\main\resources to target\classes
2025-02-21 19:25:10,527 [Worker-13: Building] INFO  o.a.m.s.f.DefaultMavenResourcesFiltering - skip non existing resourceDirectory C:\Users\HP\Desktop\cars\Auto_counsel\auto_counsel\src\test\resources
2025-02-21 19:30:38,213 [Worker-13: Building] INFO  o.a.m.s.f.DefaultMavenResourcesFiltering - Copying 1 resource from src\main\resources to target\classes
2025-02-21 19:30:38,233 [Worker-13: Building] INFO  o.a.m.s.f.DefaultMavenResourcesFiltering - Copying 76 resources from src\main\resources to target\classes
2025-02-21 19:30:38,273 [Worker-13: Building] INFO  o.a.m.s.f.DefaultMavenResourcesFiltering - skip non existing resourceDirectory C:\Users\HP\Desktop\cars\Auto_counsel\auto_counsel\src\test\resources
2025-02-21 19:41:53,124 [Worker-22: Building] INFO  o.a.m.s.f.DefaultMavenResourcesFiltering - Copying 1 resource from src\main\resources to target\classes
2025-02-21 19:41:53,156 [Worker-22: Building] INFO  o.a.m.s.f.DefaultMavenResourcesFiltering - Copying 76 resources from src\main\resources to target\classes
2025-02-21 19:41:53,202 [Worker-22: Building] INFO  o.a.m.s.f.DefaultMavenResourcesFiltering - skip non existing resourceDirectory C:\Users\HP\Desktop\cars\Auto_counsel\auto_counsel\src\test\resources
2025-02-21 19:44:17,967 [Worker-4: Building] INFO  o.a.m.s.f.DefaultMavenResourcesFiltering - Copying 1 resource from src\main\resources to target\classes
2025-02-21 19:44:17,988 [Worker-4: Building] INFO  o.a.m.s.f.DefaultMavenResourcesFiltering - Copying 76 resources from src\main\resources to target\classes
2025-02-21 19:44:18,034 [Worker-4: Building] INFO  o.a.m.s.f.DefaultMavenResourcesFiltering - skip non existing resourceDirectory C:\Users\HP\Desktop\cars\Auto_counsel\auto_counsel\src\test\resources
2025-02-21 19:45:08,690 [Worker-23: Building] INFO  o.a.m.s.f.DefaultMavenResourcesFiltering - Copying 1 resource from src\main\resources to target\classes
2025-02-21 19:45:08,706 [Worker-23: Building] INFO  o.a.m.s.f.DefaultMavenResourcesFiltering - Copying 76 resources from src\main\resources to target\classes
2025-02-21 19:45:08,778 [Worker-23: Building] INFO  o.a.m.s.f.DefaultMavenResourcesFiltering - skip non existing resourceDirectory C:\Users\HP\Desktop\cars\Auto_counsel\auto_counsel\src\test\resources
2025-02-21 19:52:06,185 [Worker-22: Building] INFO  o.a.m.s.f.DefaultMavenResourcesFiltering - Copying 1 resource from src\main\resources to target\classes
2025-02-21 19:52:06,314 [Worker-22: Building] INFO  o.a.m.s.f.DefaultMavenResourcesFiltering - Copying 76 resources from src\main\resources to target\classes
2025-02-21 19:52:06,350 [Worker-22: Building] INFO  o.a.m.s.f.DefaultMavenResourcesFiltering - skip non existing resourceDirectory C:\Users\HP\Desktop\cars\Auto_counsel\auto_counsel\src\test\resources
2025-02-21 19:52:26,652 [Worker-23: Building] INFO  o.a.m.s.f.DefaultMavenResourcesFiltering - Copying 1 resource from src\main\resources to target\classes
2025-02-21 19:52:26,829 [Worker-23: Building] INFO  o.a.m.s.f.DefaultMavenResourcesFiltering - Copying 76 resources from src\main\resources to target\classes
2025-02-21 19:52:26,861 [Worker-23: Building] INFO  o.a.m.s.f.DefaultMavenResourcesFiltering - skip non existing resourceDirectory C:\Users\HP\Desktop\cars\Auto_counsel\auto_counsel\src\test\resources
2025-02-21 19:52:38,113 [Worker-24: Building] INFO  o.a.m.s.f.DefaultMavenResourcesFiltering - Copying 1 resource from src\main\resources to target\classes
2025-02-21 19:52:38,131 [Worker-24: Building] INFO  o.a.m.s.f.DefaultMavenResourcesFiltering - Copying 76 resources from src\main\resources to target\classes
2025-02-21 19:52:38,169 [Worker-24: Building] INFO  o.a.m.s.f.DefaultMavenResourcesFiltering - skip non existing resourceDirectory C:\Users\HP\Desktop\cars\Auto_counsel\auto_counsel\src\test\resources
2025-02-21 19:52:47,742 [Worker-22: Building] INFO  o.a.m.s.f.DefaultMavenResourcesFiltering - Copying 1 resource from src\main\resources to target\classes
2025-02-21 19:52:47,765 [Worker-22: Building] INFO  o.a.m.s.f.DefaultMavenResourcesFiltering - Copying 76 resources from src\main\resources to target\classes
2025-02-21 19:52:47,812 [Worker-22: Building] INFO  o.a.m.s.f.DefaultMavenResourcesFiltering - skip non existing resourceDirectory C:\Users\HP\Desktop\cars\Auto_counsel\auto_counsel\src\test\resources
2025-02-21 19:53:14,337 [Worker-23: Building] INFO  o.a.m.s.f.DefaultMavenResourcesFiltering - Copying 1 resource from src\main\resources to target\classes
2025-02-21 19:53:14,475 [Worker-23: Building] INFO  o.a.m.s.f.DefaultMavenResourcesFiltering - Copying 76 resources from src\main\resources to target\classes
2025-02-21 19:53:14,522 [Worker-23: Building] INFO  o.a.m.s.f.DefaultMavenResourcesFiltering - skip non existing resourceDirectory C:\Users\HP\Desktop\cars\Auto_counsel\auto_counsel\src\test\resources
2025-02-21 19:53:24,784 [Worker-13: Building] INFO  o.a.m.s.f.DefaultMavenResourcesFiltering - Copying 1 resource from src\main\resources to target\classes
2025-02-21 19:53:24,801 [Worker-13: Building] INFO  o.a.m.s.f.DefaultMavenResourcesFiltering - Copying 76 resources from src\main\resources to target\classes
2025-02-21 19:53:24,833 [Worker-13: Building] INFO  o.a.m.s.f.DefaultMavenResourcesFiltering - skip non existing resourceDirectory C:\Users\HP\Desktop\cars\Auto_counsel\auto_counsel\src\test\resources
2025-02-21 19:58:27,467 [Worker-15: Building] INFO  o.a.m.s.f.DefaultMavenResourcesFiltering - Copying 1 resource from src\main\resources to target\classes
2025-02-21 19:58:27,486 [Worker-15: Building] INFO  o.a.m.s.f.DefaultMavenResourcesFiltering - Copying 76 resources from src\main\resources to target\classes
2025-02-21 19:58:27,529 [Worker-15: Building] INFO  o.a.m.s.f.DefaultMavenResourcesFiltering - skip non existing resourceDirectory C:\Users\HP\Desktop\cars\Auto_counsel\auto_counsel\src\test\resources
2025-02-21 19:58:34,912 [Worker-12: Building] INFO  o.a.m.s.f.DefaultMavenResourcesFiltering - Copying 1 resource from src\main\resources to target\classes
2025-02-21 19:58:34,931 [Worker-12: Building] INFO  o.a.m.s.f.DefaultMavenResourcesFiltering - Copying 76 resources from src\main\resources to target\classes
2025-02-21 19:58:34,965 [Worker-12: Building] INFO  o.a.m.s.f.DefaultMavenResourcesFiltering - skip non existing resourceDirectory C:\Users\HP\Desktop\cars\Auto_counsel\auto_counsel\src\test\resources
2025-02-21 19:59:06,794 [Worker-24: Building] INFO  o.a.m.s.f.DefaultMavenResourcesFiltering - Copying 1 resource from src\main\resources to target\classes
2025-02-21 19:59:06,821 [Worker-24: Building] INFO  o.a.m.s.f.DefaultMavenResourcesFiltering - Copying 76 resources from src\main\resources to target\classes
2025-02-21 19:59:06,867 [Worker-24: Building] INFO  o.a.m.s.f.DefaultMavenResourcesFiltering - skip non existing resourceDirectory C:\Users\HP\Desktop\cars\Auto_counsel\auto_counsel\src\test\resources
2025-02-21 20:03:42,564 [Worker-21: Building] INFO  o.a.m.s.f.DefaultMavenResourcesFiltering - Copying 1 resource from src\main\resources to target\classes
2025-02-21 20:03:42,646 [Worker-21: Building] INFO  o.a.m.s.f.DefaultMavenResourcesFiltering - Copying 76 resources from src\main\resources to target\classes
2025-02-21 20:03:42,682 [Worker-21: Building] INFO  o.a.m.s.f.DefaultMavenResourcesFiltering - skip non existing resourceDirectory C:\Users\HP\Desktop\cars\Auto_counsel\auto_counsel\src\test\resources
2025-02-21 20:03:57,459 [Worker-0: Building] INFO  o.a.m.s.f.DefaultMavenResourcesFiltering - Copying 1 resource from src\main\resources to target\classes
2025-02-21 20:03:57,480 [Worker-0: Building] INFO  o.a.m.s.f.DefaultMavenResourcesFiltering - Copying 76 resources from src\main\resources to target\classes
2025-02-21 20:03:57,524 [Worker-0: Building] INFO  o.a.m.s.f.DefaultMavenResourcesFiltering - skip non existing resourceDirectory C:\Users\HP\Desktop\cars\Auto_counsel\auto_counsel\src\test\resources
2025-02-21 20:12:55,270 [Worker-0: Building] INFO  o.a.m.s.f.DefaultMavenResourcesFiltering - Copying 1 resource from src\main\resources to target\classes
2025-02-21 20:12:55,296 [Worker-0: Building] INFO  o.a.m.s.f.DefaultMavenResourcesFiltering - Copying 76 resources from src\main\resources to target\classes
2025-02-21 20:12:55,337 [Worker-0: Building] INFO  o.a.m.s.f.DefaultMavenResourcesFiltering - skip non existing resourceDirectory C:\Users\HP\Desktop\cars\Auto_counsel\auto_counsel\src\test\resources
2025-02-21 20:13:24,464 [Worker-22: Building] INFO  o.a.m.s.f.DefaultMavenResourcesFiltering - Copying 1 resource from src\main\resources to target\classes
2025-02-21 20:13:24,538 [Worker-22: Building] INFO  o.a.m.s.f.DefaultMavenResourcesFiltering - Copying 76 resources from src\main\resources to target\classes
2025-02-21 20:13:24,575 [Worker-22: Building] INFO  o.a.m.s.f.DefaultMavenResourcesFiltering - skip non existing resourceDirectory C:\Users\HP\Desktop\cars\Auto_counsel\auto_counsel\src\test\resources
2025-02-21 20:16:15,945 [Worker-23: Building] INFO  o.a.m.s.f.DefaultMavenResourcesFiltering - Copying 1 resource from src\main\resources to target\classes
2025-02-21 20:16:15,965 [Worker-23: Building] INFO  o.a.m.s.f.DefaultMavenResourcesFiltering - Copying 76 resources from src\main\resources to target\classes
2025-02-21 20:16:16,012 [Worker-23: Building] INFO  o.a.m.s.f.DefaultMavenResourcesFiltering - skip non existing resourceDirectory C:\Users\HP\Desktop\cars\Auto_counsel\auto_counsel\src\test\resources
2025-02-21 20:17:02,036 [Worker-23: Building] INFO  o.a.m.s.f.DefaultMavenResourcesFiltering - Copying 1 resource from src\main\resources to target\classes
2025-02-21 20:17:02,209 [Worker-23: Building] INFO  o.a.m.s.f.DefaultMavenResourcesFiltering - Copying 76 resources from src\main\resources to target\classes
2025-02-21 20:17:02,241 [Worker-23: Building] INFO  o.a.m.s.f.DefaultMavenResourcesFiltering - skip non existing resourceDirectory C:\Users\HP\Desktop\cars\Auto_counsel\auto_counsel\src\test\resources
2025-02-21 20:22:33,536 [Worker-24: Building] INFO  o.a.m.s.f.DefaultMavenResourcesFiltering - Copying 1 resource from src\main\resources to target\classes
2025-02-21 20:22:33,559 [Worker-24: Building] INFO  o.a.m.s.f.DefaultMavenResourcesFiltering - Copying 76 resources from src\main\resources to target\classes
2025-02-21 20:22:33,613 [Worker-24: Building] INFO  o.a.m.s.f.DefaultMavenResourcesFiltering - skip non existing resourceDirectory C:\Users\HP\Desktop\cars\Auto_counsel\auto_counsel\src\test\resources
2025-02-21 20:24:25,110 [Worker-23: Building] INFO  o.a.m.s.f.DefaultMavenResourcesFiltering - Copying 1 resource from src\main\resources to target\classes
2025-02-21 20:24:25,150 [Worker-23: Building] INFO  o.a.m.s.f.DefaultMavenResourcesFiltering - Copying 76 resources from src\main\resources to target\classes
2025-02-21 20:24:25,202 [Worker-23: Building] INFO  o.a.m.s.f.DefaultMavenResourcesFiltering - skip non existing resourceDirectory C:\Users\HP\Desktop\cars\Auto_counsel\auto_counsel\src\test\resources
2025-02-24 12:18:07,529 [Worker-0: Loading available Gradle versions] INFO  o.e.b.c.i.u.g.PublishedGradleVersions - Gradle version information cache is out-of-date. Trying to update.
2025-02-24 12:19:00,658 [Worker-3: Launching AutoCounselApplication] INFO  o.a.m.s.f.DefaultMavenResourcesFiltering - Copying 1 resource from src\main\resources to target\classes
2025-02-24 12:19:00,743 [Worker-3: Launching AutoCounselApplication] INFO  o.a.m.s.f.DefaultMavenResourcesFiltering - Copying 76 resources from src\main\resources to target\classes
2025-02-24 12:19:01,081 [Worker-3: Launching AutoCounselApplication] INFO  o.a.m.s.f.DefaultMavenResourcesFiltering - skip non existing resourceDirectory C:\Users\HP\Desktop\cars\Auto_counsel\auto_counsel\src\test\resources
2025-02-24 12:21:29,209 [Worker-9: Building] INFO  o.a.m.s.f.DefaultMavenResourcesFiltering - Copying 1 resource from src\main\resources to target\classes
2025-02-24 12:21:29,238 [Worker-9: Building] INFO  o.a.m.s.f.DefaultMavenResourcesFiltering - Copying 76 resources from src\main\resources to target\classes
2025-02-24 12:21:29,338 [Worker-9: Building] INFO  o.a.m.s.f.DefaultMavenResourcesFiltering - skip non existing resourceDirectory C:\Users\HP\Desktop\cars\Auto_counsel\auto_counsel\src\test\resources
2025-02-24 12:22:50,229 [Worker-7: Building] INFO  o.a.m.s.f.DefaultMavenResourcesFiltering - Copying 1 resource from src\main\resources to target\classes
2025-02-24 12:22:50,256 [Worker-7: Building] INFO  o.a.m.s.f.DefaultMavenResourcesFiltering - Copying 76 resources from src\main\resources to target\classes
2025-02-24 12:22:50,360 [Worker-7: Building] INFO  o.a.m.s.f.DefaultMavenResourcesFiltering - skip non existing resourceDirectory C:\Users\HP\Desktop\cars\Auto_counsel\auto_counsel\src\test\resources
2025-02-24 12:24:33,410 [Worker-1: Building] INFO  o.a.m.s.f.DefaultMavenResourcesFiltering - Copying 1 resource from src\main\resources to target\classes
2025-02-24 12:24:33,435 [Worker-1: Building] INFO  o.a.m.s.f.DefaultMavenResourcesFiltering - Copying 76 resources from src\main\resources to target\classes
2025-02-24 12:24:33,505 [Worker-1: Building] INFO  o.a.m.s.f.DefaultMavenResourcesFiltering - skip non existing resourceDirectory C:\Users\HP\Desktop\cars\Auto_counsel\auto_counsel\src\test\resources
2025-02-24 12:25:48,574 [Worker-1: Building] INFO  o.a.m.s.f.DefaultMavenResourcesFiltering - Copying 1 resource from src\main\resources to target\classes
2025-02-24 12:25:48,601 [Worker-1: Building] INFO  o.a.m.s.f.DefaultMavenResourcesFiltering - Copying 76 resources from src\main\resources to target\classes
2025-02-24 12:25:48,714 [Worker-1: Building] INFO  o.a.m.s.f.DefaultMavenResourcesFiltering - skip non existing resourceDirectory C:\Users\HP\Desktop\cars\Auto_counsel\auto_counsel\src\test\resources
2025-02-24 12:31:48,684 [Worker-3: Building] INFO  o.a.m.s.f.DefaultMavenResourcesFiltering - Copying 1 resource from src\main\resources to target\classes
2025-02-24 12:31:48,723 [Worker-3: Building] INFO  o.a.m.s.f.DefaultMavenResourcesFiltering - Copying 76 resources from src\main\resources to target\classes
2025-02-24 12:31:48,769 [Worker-3: Building] INFO  o.a.m.s.f.DefaultMavenResourcesFiltering - skip non existing resourceDirectory C:\Users\HP\Desktop\cars\Auto_counsel\auto_counsel\src\test\resources
2025-02-24 12:39:01,697 [Worker-3: Building] INFO  o.a.m.s.f.DefaultMavenResourcesFiltering - Copying 1 resource from src\main\resources to target\classes
2025-02-24 12:39:01,721 [Worker-3: Building] INFO  o.a.m.s.f.DefaultMavenResourcesFiltering - Copying 76 resources from src\main\resources to target\classes
2025-02-24 12:39:01,786 [Worker-3: Building] INFO  o.a.m.s.f.DefaultMavenResourcesFiltering - skip non existing resourceDirectory C:\Users\HP\Desktop\cars\Auto_counsel\auto_counsel\src\test\resources
2025-02-24 12:39:05,581 [Worker-0: Building] INFO  o.a.m.s.f.DefaultMavenResourcesFiltering - Copying 1 resource from src\main\resources to target\classes
2025-02-24 12:39:05,621 [Worker-0: Building] INFO  o.a.m.s.f.DefaultMavenResourcesFiltering - Copying 76 resources from src\main\resources to target\classes
2025-02-24 12:39:05,685 [Worker-0: Building] INFO  o.a.m.s.f.DefaultMavenResourcesFiltering - skip non existing resourceDirectory C:\Users\HP\Desktop\cars\Auto_counsel\auto_counsel\src\test\resources
2025-02-24 12:39:41,029 [Worker-2: Building] INFO  o.a.m.s.f.DefaultMavenResourcesFiltering - Copying 1 resource from src\main\resources to target\classes
2025-02-24 12:39:41,051 [Worker-2: Building] INFO  o.a.m.s.f.DefaultMavenResourcesFiltering - Copying 76 resources from src\main\resources to target\classes
2025-02-24 12:39:41,100 [Worker-2: Building] INFO  o.a.m.s.f.DefaultMavenResourcesFiltering - skip non existing resourceDirectory C:\Users\HP\Desktop\cars\Auto_counsel\auto_counsel\src\test\resources
2025-02-24 12:39:43,749 [Worker-1: Building] INFO  o.a.m.s.f.DefaultMavenResourcesFiltering - Copying 1 resource from src\main\resources to target\classes
2025-02-24 12:39:43,771 [Worker-1: Building] INFO  o.a.m.s.f.DefaultMavenResourcesFiltering - Copying 76 resources from src\main\resources to target\classes
2025-02-24 12:39:43,850 [Worker-1: Building] INFO  o.a.m.s.f.DefaultMavenResourcesFiltering - skip non existing resourceDirectory C:\Users\HP\Desktop\cars\Auto_counsel\auto_counsel\src\test\resources
2025-02-24 12:42:06,473 [Worker-1: Building] INFO  o.a.m.s.f.DefaultMavenResourcesFiltering - Copying 1 resource from src\main\resources to target\classes
2025-02-24 12:42:06,495 [Worker-1: Building] INFO  o.a.m.s.f.DefaultMavenResourcesFiltering - Copying 76 resources from src\main\resources to target\classes
2025-02-24 12:42:06,583 [Worker-1: Building] INFO  o.a.m.s.f.DefaultMavenResourcesFiltering - skip non existing resourceDirectory C:\Users\HP\Desktop\cars\Auto_counsel\auto_counsel\src\test\resources
2025-02-24 12:43:02,447 [Worker-14: Building] INFO  o.a.m.s.f.DefaultMavenResourcesFiltering - Copying 1 resource from src\main\resources to target\classes
2025-02-24 12:43:02,469 [Worker-14: Building] INFO  o.a.m.s.f.DefaultMavenResourcesFiltering - Copying 76 resources from src\main\resources to target\classes
2025-02-24 12:43:02,551 [Worker-14: Building] INFO  o.a.m.s.f.DefaultMavenResourcesFiltering - skip non existing resourceDirectory C:\Users\HP\Desktop\cars\Auto_counsel\auto_counsel\src\test\resources
2025-02-24 12:44:23,776 [Worker-2: Building] INFO  o.a.m.s.f.DefaultMavenResourcesFiltering - Copying 1 resource from src\main\resources to target\classes
2025-02-24 12:44:23,797 [Worker-2: Building] INFO  o.a.m.s.f.DefaultMavenResourcesFiltering - Copying 76 resources from src\main\resources to target\classes
2025-02-24 12:44:23,858 [Worker-2: Building] INFO  o.a.m.s.f.DefaultMavenResourcesFiltering - skip non existing resourceDirectory C:\Users\HP\Desktop\cars\Auto_counsel\auto_counsel\src\test\resources
2025-02-24 12:46:34,003 [Worker-2: Building] INFO  o.a.m.s.f.DefaultMavenResourcesFiltering - Copying 1 resource from src\main\resources to target\classes
2025-02-24 12:46:34,025 [Worker-2: Building] INFO  o.a.m.s.f.DefaultMavenResourcesFiltering - Copying 76 resources from src\main\resources to target\classes
2025-02-24 12:46:34,075 [Worker-2: Building] INFO  o.a.m.s.f.DefaultMavenResourcesFiltering - skip non existing resourceDirectory C:\Users\HP\Desktop\cars\Auto_counsel\auto_counsel\src\test\resources
2025-02-24 12:48:43,106 [Worker-1: Building] INFO  o.a.m.s.f.DefaultMavenResourcesFiltering - Copying 1 resource from src\main\resources to target\classes
2025-02-24 12:48:43,130 [Worker-1: Building] INFO  o.a.m.s.f.DefaultMavenResourcesFiltering - Copying 76 resources from src\main\resources to target\classes
2025-02-24 12:48:43,178 [Worker-1: Building] INFO  o.a.m.s.f.DefaultMavenResourcesFiltering - skip non existing resourceDirectory C:\Users\HP\Desktop\cars\Auto_counsel\auto_counsel\src\test\resources
2025-02-24 12:49:29,424 [Worker-7: Building] INFO  o.a.m.s.f.DefaultMavenResourcesFiltering - Copying 1 resource from src\main\resources to target\classes
2025-02-24 12:49:29,525 [Worker-7: Building] INFO  o.a.m.s.f.DefaultMavenResourcesFiltering - Copying 76 resources from src\main\resources to target\classes
2025-02-24 12:49:29,567 [Worker-7: Building] INFO  o.a.m.s.f.DefaultMavenResourcesFiltering - skip non existing resourceDirectory C:\Users\HP\Desktop\cars\Auto_counsel\auto_counsel\src\test\resources
2025-02-24 12:50:15,383 [Worker-9: Building] INFO  o.a.m.s.f.DefaultMavenResourcesFiltering - Copying 1 resource from src\main\resources to target\classes
2025-02-24 12:50:15,406 [Worker-9: Building] INFO  o.a.m.s.f.DefaultMavenResourcesFiltering - Copying 76 resources from src\main\resources to target\classes
2025-02-24 12:50:15,473 [Worker-9: Building] INFO  o.a.m.s.f.DefaultMavenResourcesFiltering - skip non existing resourceDirectory C:\Users\HP\Desktop\cars\Auto_counsel\auto_counsel\src\test\resources
2025-02-24 12:52:08,996 [Worker-6: Building] INFO  o.a.m.s.f.DefaultMavenResourcesFiltering - Copying 1 resource from src\main\resources to target\classes
2025-02-24 12:52:09,018 [Worker-6: Building] INFO  o.a.m.s.f.DefaultMavenResourcesFiltering - Copying 76 resources from src\main\resources to target\classes
2025-02-24 12:52:09,068 [Worker-6: Building] INFO  o.a.m.s.f.DefaultMavenResourcesFiltering - skip non existing resourceDirectory C:\Users\HP\Desktop\cars\Auto_counsel\auto_counsel\src\test\resources
2025-02-24 12:53:04,949 [Worker-13: Building] INFO  o.a.m.s.f.DefaultMavenResourcesFiltering - Copying 1 resource from src\main\resources to target\classes
2025-02-24 12:53:04,967 [Worker-13: Building] INFO  o.a.m.s.f.DefaultMavenResourcesFiltering - Copying 76 resources from src\main\resources to target\classes
2025-02-24 12:53:05,016 [Worker-13: Building] INFO  o.a.m.s.f.DefaultMavenResourcesFiltering - skip non existing resourceDirectory C:\Users\HP\Desktop\cars\Auto_counsel\auto_counsel\src\test\resources
2025-02-24 12:53:21,547 [Worker-10: Building] INFO  o.a.m.s.f.DefaultMavenResourcesFiltering - Copying 1 resource from src\main\resources to target\classes
2025-02-24 12:53:21,567 [Worker-10: Building] INFO  o.a.m.s.f.DefaultMavenResourcesFiltering - Copying 76 resources from src\main\resources to target\classes
2025-02-24 12:53:21,615 [Worker-10: Building] INFO  o.a.m.s.f.DefaultMavenResourcesFiltering - skip non existing resourceDirectory C:\Users\HP\Desktop\cars\Auto_counsel\auto_counsel\src\test\resources
2025-02-24 12:53:30,717 [Worker-6: Building] INFO  o.a.m.s.f.DefaultMavenResourcesFiltering - Copying 1 resource from src\main\resources to target\classes
2025-02-24 12:53:30,737 [Worker-6: Building] INFO  o.a.m.s.f.DefaultMavenResourcesFiltering - Copying 76 resources from src\main\resources to target\classes
2025-02-24 12:53:30,793 [Worker-6: Building] INFO  o.a.m.s.f.DefaultMavenResourcesFiltering - skip non existing resourceDirectory C:\Users\HP\Desktop\cars\Auto_counsel\auto_counsel\src\test\resources
2025-02-24 12:53:47,475 [Worker-10: Building] INFO  o.a.m.s.f.DefaultMavenResourcesFiltering - Copying 1 resource from src\main\resources to target\classes
2025-02-24 12:53:47,495 [Worker-10: Building] INFO  o.a.m.s.f.DefaultMavenResourcesFiltering - Copying 76 resources from src\main\resources to target\classes
2025-02-24 12:53:47,542 [Worker-10: Building] INFO  o.a.m.s.f.DefaultMavenResourcesFiltering - skip non existing resourceDirectory C:\Users\HP\Desktop\cars\Auto_counsel\auto_counsel\src\test\resources
2025-02-24 12:55:30,966 [Worker-7: Building] INFO  o.a.m.s.f.DefaultMavenResourcesFiltering - Copying 1 resource from src\main\resources to target\classes
2025-02-24 12:55:30,987 [Worker-7: Building] INFO  o.a.m.s.f.DefaultMavenResourcesFiltering - Copying 76 resources from src\main\resources to target\classes
2025-02-24 12:55:31,053 [Worker-7: Building] INFO  o.a.m.s.f.DefaultMavenResourcesFiltering - skip non existing resourceDirectory C:\Users\HP\Desktop\cars\Auto_counsel\auto_counsel\src\test\resources
2025-02-24 12:57:40,949 [Worker-13: Building] INFO  o.a.m.s.f.DefaultMavenResourcesFiltering - Copying 1 resource from src\main\resources to target\classes
2025-02-24 12:57:40,971 [Worker-13: Building] INFO  o.a.m.s.f.DefaultMavenResourcesFiltering - Copying 76 resources from src\main\resources to target\classes
2025-02-24 12:57:41,021 [Worker-13: Building] INFO  o.a.m.s.f.DefaultMavenResourcesFiltering - skip non existing resourceDirectory C:\Users\HP\Desktop\cars\Auto_counsel\auto_counsel\src\test\resources
2025-02-24 12:58:21,775 [Worker-5: Building] INFO  o.a.m.s.f.DefaultMavenResourcesFiltering - Copying 1 resource from src\main\resources to target\classes
2025-02-24 12:58:21,803 [Worker-5: Building] INFO  o.a.m.s.f.DefaultMavenResourcesFiltering - Copying 76 resources from src\main\resources to target\classes
2025-02-24 12:58:21,857 [Worker-5: Building] INFO  o.a.m.s.f.DefaultMavenResourcesFiltering - skip non existing resourceDirectory C:\Users\HP\Desktop\cars\Auto_counsel\auto_counsel\src\test\resources
2025-02-24 13:01:14,057 [Worker-1: Building] INFO  o.a.m.s.f.DefaultMavenResourcesFiltering - Copying 1 resource from src\main\resources to target\classes
2025-02-24 13:01:14,080 [Worker-1: Building] INFO  o.a.m.s.f.DefaultMavenResourcesFiltering - Copying 76 resources from src\main\resources to target\classes
2025-02-24 13:01:14,147 [Worker-1: Building] INFO  o.a.m.s.f.DefaultMavenResourcesFiltering - skip non existing resourceDirectory C:\Users\HP\Desktop\cars\Auto_counsel\auto_counsel\src\test\resources
2025-02-24 13:02:25,218 [Worker-14: Building] INFO  o.a.m.s.f.DefaultMavenResourcesFiltering - Copying 1 resource from src\main\resources to target\classes
2025-02-24 13:02:25,248 [Worker-14: Building] INFO  o.a.m.s.f.DefaultMavenResourcesFiltering - Copying 76 resources from src\main\resources to target\classes
2025-02-24 13:02:25,302 [Worker-14: Building] INFO  o.a.m.s.f.DefaultMavenResourcesFiltering - skip non existing resourceDirectory C:\Users\HP\Desktop\cars\Auto_counsel\auto_counsel\src\test\resources
2025-02-24 13:04:19,369 [Worker-15: Building] INFO  o.a.m.s.f.DefaultMavenResourcesFiltering - Copying 1 resource from src\main\resources to target\classes
2025-02-24 13:04:19,390 [Worker-15: Building] INFO  o.a.m.s.f.DefaultMavenResourcesFiltering - Copying 76 resources from src\main\resources to target\classes
2025-02-24 13:04:19,447 [Worker-15: Building] INFO  o.a.m.s.f.DefaultMavenResourcesFiltering - skip non existing resourceDirectory C:\Users\HP\Desktop\cars\Auto_counsel\auto_counsel\src\test\resources
2025-02-24 13:08:08,948 [Worker-1: Building] INFO  o.a.m.s.f.DefaultMavenResourcesFiltering - Copying 1 resource from src\main\resources to target\classes
2025-02-24 13:08:08,972 [Worker-1: Building] INFO  o.a.m.s.f.DefaultMavenResourcesFiltering - Copying 76 resources from src\main\resources to target\classes
2025-02-24 13:08:09,038 [Worker-1: Building] INFO  o.a.m.s.f.DefaultMavenResourcesFiltering - skip non existing resourceDirectory C:\Users\HP\Desktop\cars\Auto_counsel\auto_counsel\src\test\resources
2025-02-24 13:09:28,206 [Worker-5: Building] INFO  o.a.m.s.f.DefaultMavenResourcesFiltering - Copying 1 resource from src\main\resources to target\classes
2025-02-24 13:09:28,226 [Worker-5: Building] INFO  o.a.m.s.f.DefaultMavenResourcesFiltering - Copying 76 resources from src\main\resources to target\classes
2025-02-24 13:09:28,327 [Worker-5: Building] INFO  o.a.m.s.f.DefaultMavenResourcesFiltering - skip non existing resourceDirectory C:\Users\HP\Desktop\cars\Auto_counsel\auto_counsel\src\test\resources
2025-02-24 13:10:38,162 [Worker-16: Building] INFO  o.a.m.s.f.DefaultMavenResourcesFiltering - Copying 1 resource from src\main\resources to target\classes
2025-02-24 13:10:38,194 [Worker-16: Building] INFO  o.a.m.s.f.DefaultMavenResourcesFiltering - Copying 76 resources from src\main\resources to target\classes
2025-02-24 13:10:38,236 [Worker-16: Building] INFO  o.a.m.s.f.DefaultMavenResourcesFiltering - skip non existing resourceDirectory C:\Users\HP\Desktop\cars\Auto_counsel\auto_counsel\src\test\resources
2025-02-24 13:11:53,374 [Worker-17: Building] INFO  o.a.m.s.f.DefaultMavenResourcesFiltering - Copying 1 resource from src\main\resources to target\classes
2025-02-24 13:11:53,419 [Worker-17: Building] INFO  o.a.m.s.f.DefaultMavenResourcesFiltering - Copying 76 resources from src\main\resources to target\classes
2025-02-24 13:11:53,459 [Worker-17: Building] INFO  o.a.m.s.f.DefaultMavenResourcesFiltering - skip non existing resourceDirectory C:\Users\HP\Desktop\cars\Auto_counsel\auto_counsel\src\test\resources
2025-02-24 13:12:35,389 [Worker-10: Building] INFO  o.a.m.s.f.DefaultMavenResourcesFiltering - Copying 1 resource from src\main\resources to target\classes
2025-02-24 13:12:35,416 [Worker-10: Building] INFO  o.a.m.s.f.DefaultMavenResourcesFiltering - Copying 76 resources from src\main\resources to target\classes
2025-02-24 13:12:35,481 [Worker-10: Building] INFO  o.a.m.s.f.DefaultMavenResourcesFiltering - skip non existing resourceDirectory C:\Users\HP\Desktop\cars\Auto_counsel\auto_counsel\src\test\resources
2025-02-24 13:14:28,129 [Worker-9: Building] INFO  o.a.m.s.f.DefaultMavenResourcesFiltering - Copying 1 resource from src\main\resources to target\classes
2025-02-24 13:14:28,153 [Worker-9: Building] INFO  o.a.m.s.f.DefaultMavenResourcesFiltering - Copying 76 resources from src\main\resources to target\classes
2025-02-24 13:14:28,211 [Worker-9: Building] INFO  o.a.m.s.f.DefaultMavenResourcesFiltering - skip non existing resourceDirectory C:\Users\HP\Desktop\cars\Auto_counsel\auto_counsel\src\test\resources
2025-02-24 13:14:36,570 [Worker-16: Building] INFO  o.a.m.s.f.DefaultMavenResourcesFiltering - Copying 1 resource from src\main\resources to target\classes
2025-02-24 13:14:36,594 [Worker-16: Building] INFO  o.a.m.s.f.DefaultMavenResourcesFiltering - Copying 76 resources from src\main\resources to target\classes
2025-02-24 13:14:36,639 [Worker-16: Building] INFO  o.a.m.s.f.DefaultMavenResourcesFiltering - skip non existing resourceDirectory C:\Users\HP\Desktop\cars\Auto_counsel\auto_counsel\src\test\resources
2025-02-24 13:16:20,771 [Worker-9: Building] INFO  o.a.m.s.f.DefaultMavenResourcesFiltering - Copying 1 resource from src\main\resources to target\classes
2025-02-24 13:16:20,793 [Worker-9: Building] INFO  o.a.m.s.f.DefaultMavenResourcesFiltering - Copying 76 resources from src\main\resources to target\classes
2025-02-24 13:16:20,849 [Worker-9: Building] INFO  o.a.m.s.f.DefaultMavenResourcesFiltering - skip non existing resourceDirectory C:\Users\HP\Desktop\cars\Auto_counsel\auto_counsel\src\test\resources
2025-02-24 13:18:47,491 [Worker-5: Building] INFO  o.a.m.s.f.DefaultMavenResourcesFiltering - Copying 1 resource from src\main\resources to target\classes
2025-02-24 13:18:47,512 [Worker-5: Building] INFO  o.a.m.s.f.DefaultMavenResourcesFiltering - Copying 76 resources from src\main\resources to target\classes
2025-02-24 13:18:47,565 [Worker-5: Building] INFO  o.a.m.s.f.DefaultMavenResourcesFiltering - skip non existing resourceDirectory C:\Users\HP\Desktop\cars\Auto_counsel\auto_counsel\src\test\resources
2025-02-24 13:34:58,461 [Worker-17: Building] INFO  o.a.m.s.f.DefaultMavenResourcesFiltering - Copying 0 resource from src\main\resources to target\classes
2025-02-24 13:34:58,480 [Worker-17: Building] INFO  o.a.m.s.f.DefaultMavenResourcesFiltering - Copying 0 resource from src\main\resources to target\classes
2025-02-24 13:34:58,485 [Worker-17: Building] INFO  o.a.m.s.f.DefaultMavenResourcesFiltering - skip non existing resourceDirectory C:\Users\HP\Desktop\cars\Auto_counsel\auto_counsel\src\test\resources
2025-02-24 13:40:58,739 [Worker-1: Building] INFO  o.a.m.s.f.DefaultMavenResourcesFiltering - Copying 1 resource from src\main\resources to target\classes
2025-02-24 13:40:58,762 [Worker-1: Building] INFO  o.a.m.s.f.DefaultMavenResourcesFiltering - Copying 76 resources from src\main\resources to target\classes
2025-02-24 13:40:58,810 [Worker-1: Building] INFO  o.a.m.s.f.DefaultMavenResourcesFiltering - skip non existing resourceDirectory C:\Users\HP\Desktop\cars\Auto_counsel\auto_counsel\src\test\resources
2025-02-24 13:45:56,235 [Worker-10: Building] INFO  o.a.m.s.f.DefaultMavenResourcesFiltering - Copying 1 resource from src\main\resources to target\classes
2025-02-24 13:45:56,265 [Worker-10: Building] INFO  o.a.m.s.f.DefaultMavenResourcesFiltering - Copying 76 resources from src\main\resources to target\classes
2025-02-24 13:45:56,351 [Worker-10: Building] INFO  o.a.m.s.f.DefaultMavenResourcesFiltering - skip non existing resourceDirectory C:\Users\HP\Desktop\cars\Auto_counsel\auto_counsel\src\test\resources
2025-02-24 13:47:28,851 [Worker-9: Building] INFO  o.a.m.s.f.DefaultMavenResourcesFiltering - Copying 1 resource from src\main\resources to target\classes
2025-02-24 13:47:28,881 [Worker-9: Building] INFO  o.a.m.s.f.DefaultMavenResourcesFiltering - Copying 76 resources from src\main\resources to target\classes
2025-02-24 13:47:28,947 [Worker-9: Building] INFO  o.a.m.s.f.DefaultMavenResourcesFiltering - skip non existing resourceDirectory C:\Users\HP\Desktop\cars\Auto_counsel\auto_counsel\src\test\resources
2025-02-24 14:51:58,223 [Worker-0: Building] INFO  o.a.m.s.f.DefaultMavenResourcesFiltering - Copying 1 resource from src\main\resources to target\classes
2025-02-24 14:51:58,260 [Worker-0: Building] INFO  o.a.m.s.f.DefaultMavenResourcesFiltering - Copying 76 resources from src\main\resources to target\classes
2025-02-24 14:51:59,399 [Worker-0: Building] INFO  o.a.m.s.f.DefaultMavenResourcesFiltering - skip non existing resourceDirectory C:\Users\HP\Desktop\cars\Auto_counsel\auto_counsel\src\test\resources
2025-02-24 15:01:14,960 [Worker-0: Building] INFO  o.a.m.s.f.DefaultMavenResourcesFiltering - Copying 1 resource from src\main\resources to target\classes
2025-02-24 15:01:14,992 [Worker-0: Building] INFO  o.a.m.s.f.DefaultMavenResourcesFiltering - Copying 76 resources from src\main\resources to target\classes
2025-02-24 15:01:15,054 [Worker-0: Building] INFO  o.a.m.s.f.DefaultMavenResourcesFiltering - skip non existing resourceDirectory C:\Users\HP\Desktop\cars\Auto_counsel\auto_counsel\src\test\resources
2025-02-24 15:01:34,538 [Worker-22: Building] INFO  o.a.m.s.f.DefaultMavenResourcesFiltering - Copying 1 resource from src\main\resources to target\classes
2025-02-24 15:01:34,563 [Worker-22: Building] INFO  o.a.m.s.f.DefaultMavenResourcesFiltering - Copying 76 resources from src\main\resources to target\classes
2025-02-24 15:01:34,610 [Worker-22: Building] INFO  o.a.m.s.f.DefaultMavenResourcesFiltering - skip non existing resourceDirectory C:\Users\HP\Desktop\cars\Auto_counsel\auto_counsel\src\test\resources
2025-02-24 15:03:45,381 [Worker-20: Building] INFO  o.a.m.s.f.DefaultMavenResourcesFiltering - Copying 1 resource from src\main\resources to target\classes
2025-02-24 15:03:45,402 [Worker-20: Building] INFO  o.a.m.s.f.DefaultMavenResourcesFiltering - Copying 76 resources from src\main\resources to target\classes
2025-02-24 15:03:45,458 [Worker-20: Building] INFO  o.a.m.s.f.DefaultMavenResourcesFiltering - skip non existing resourceDirectory C:\Users\HP\Desktop\cars\Auto_counsel\auto_counsel\src\test\resources
2025-02-24 15:03:56,391 [Worker-22: Building] INFO  o.a.m.s.f.DefaultMavenResourcesFiltering - Copying 1 resource from src\main\resources to target\classes
2025-02-24 15:03:56,412 [Worker-22: Building] INFO  o.a.m.s.f.DefaultMavenResourcesFiltering - Copying 76 resources from src\main\resources to target\classes
2025-02-24 15:03:56,468 [Worker-22: Building] INFO  o.a.m.s.f.DefaultMavenResourcesFiltering - skip non existing resourceDirectory C:\Users\HP\Desktop\cars\Auto_counsel\auto_counsel\src\test\resources
2025-02-24 15:24:33,462 [Worker-20: Building] INFO  o.a.m.s.f.DefaultMavenResourcesFiltering - Copying 1 resource from src\main\resources to target\classes
2025-02-24 15:24:33,490 [Worker-20: Building] INFO  o.a.m.s.f.DefaultMavenResourcesFiltering - Copying 76 resources from src\main\resources to target\classes
2025-02-24 15:24:33,545 [Worker-20: Building] INFO  o.a.m.s.f.DefaultMavenResourcesFiltering - skip non existing resourceDirectory C:\Users\HP\Desktop\cars\Auto_counsel\auto_counsel\src\test\resources
2025-02-24 15:24:41,754 [Worker-20: Launching AutoCounselApplication] INFO  o.a.m.s.f.DefaultMavenResourcesFiltering - Copying 1 resource from src\main\resources to target\classes
2025-02-24 15:24:41,778 [Worker-20: Launching AutoCounselApplication] INFO  o.a.m.s.f.DefaultMavenResourcesFiltering - Copying 76 resources from src\main\resources to target\classes
2025-02-24 15:24:41,824 [Worker-20: Launching AutoCounselApplication] INFO  o.a.m.s.f.DefaultMavenResourcesFiltering - skip non existing resourceDirectory C:\Users\HP\Desktop\cars\Auto_counsel\auto_counsel\src\test\resources
2025-02-24 15:35:02,269 [Worker-20: Building] INFO  o.a.m.s.f.DefaultMavenResourcesFiltering - Copying 1 resource from src\main\resources to target\classes
2025-02-24 15:35:02,290 [Worker-20: Building] INFO  o.a.m.s.f.DefaultMavenResourcesFiltering - Copying 76 resources from src\main\resources to target\classes
2025-02-24 15:35:02,353 [Worker-20: Building] INFO  o.a.m.s.f.DefaultMavenResourcesFiltering - skip non existing resourceDirectory C:\Users\HP\Desktop\cars\Auto_counsel\auto_counsel\src\test\resources
2025-02-24 15:36:29,574 [Worker-19: Building] INFO  o.a.m.s.f.DefaultMavenResourcesFiltering - Copying 1 resource from src\main\resources to target\classes
2025-02-24 15:36:29,594 [Worker-19: Building] INFO  o.a.m.s.f.DefaultMavenResourcesFiltering - Copying 76 resources from src\main\resources to target\classes
2025-02-24 15:36:29,648 [Worker-19: Building] INFO  o.a.m.s.f.DefaultMavenResourcesFiltering - skip non existing resourceDirectory C:\Users\HP\Desktop\cars\Auto_counsel\auto_counsel\src\test\resources
2025-02-24 15:36:30,952 [Worker-23: Building] INFO  o.a.m.s.f.DefaultMavenResourcesFiltering - Copying 1 resource from src\main\resources to target\classes
2025-02-24 15:36:30,973 [Worker-23: Building] INFO  o.a.m.s.f.DefaultMavenResourcesFiltering - Copying 76 resources from src\main\resources to target\classes
2025-02-24 15:36:31,101 [Worker-23: Building] INFO  o.a.m.s.f.DefaultMavenResourcesFiltering - skip non existing resourceDirectory C:\Users\HP\Desktop\cars\Auto_counsel\auto_counsel\src\test\resources
2025-02-24 15:36:58,924 [Worker-25: Building] INFO  o.a.m.s.f.DefaultMavenResourcesFiltering - Copying 1 resource from src\main\resources to target\classes
2025-02-24 15:36:58,946 [Worker-25: Building] INFO  o.a.m.s.f.DefaultMavenResourcesFiltering - Copying 76 resources from src\main\resources to target\classes
2025-02-24 15:36:59,002 [Worker-25: Building] INFO  o.a.m.s.f.DefaultMavenResourcesFiltering - skip non existing resourceDirectory C:\Users\HP\Desktop\cars\Auto_counsel\auto_counsel\src\test\resources
2025-02-24 15:41:58,425 [Worker-21: Building] INFO  o.a.m.s.f.DefaultMavenResourcesFiltering - Copying 1 resource from src\main\resources to target\classes
2025-02-24 15:41:58,449 [Worker-21: Building] INFO  o.a.m.s.f.DefaultMavenResourcesFiltering - Copying 76 resources from src\main\resources to target\classes
2025-02-24 15:41:58,531 [Worker-21: Building] INFO  o.a.m.s.f.DefaultMavenResourcesFiltering - skip non existing resourceDirectory C:\Users\HP\Desktop\cars\Auto_counsel\auto_counsel\src\test\resources
2025-02-24 16:12:51,806 [Worker-19: Building] INFO  o.a.m.s.f.DefaultMavenResourcesFiltering - Copying 1 resource from src\main\resources to target\classes
2025-02-24 16:12:51,829 [Worker-19: Building] INFO  o.a.m.s.f.DefaultMavenResourcesFiltering - Copying 76 resources from src\main\resources to target\classes
2025-02-24 16:12:51,887 [Worker-19: Building] INFO  o.a.m.s.f.DefaultMavenResourcesFiltering - skip non existing resourceDirectory C:\Users\HP\Desktop\cars\Auto_counsel\auto_counsel\src\test\resources
2025-02-24 16:16:52,148 [Worker-20: Building] INFO  o.a.m.s.f.DefaultMavenResourcesFiltering - Copying 1 resource from src\main\resources to target\classes
2025-02-24 16:16:52,190 [Worker-20: Building] INFO  o.a.m.s.f.DefaultMavenResourcesFiltering - Copying 76 resources from src\main\resources to target\classes
2025-02-24 16:16:52,237 [Worker-20: Building] INFO  o.a.m.s.f.DefaultMavenResourcesFiltering - skip non existing resourceDirectory C:\Users\HP\Desktop\cars\Auto_counsel\auto_counsel\src\test\resources
2025-02-24 16:17:13,384 [Worker-19: Building] INFO  o.a.m.s.f.DefaultMavenResourcesFiltering - Copying 1 resource from src\main\resources to target\classes
2025-02-24 16:17:13,414 [Worker-19: Building] INFO  o.a.m.s.f.DefaultMavenResourcesFiltering - Copying 76 resources from src\main\resources to target\classes
2025-02-24 16:17:13,474 [Worker-19: Building] INFO  o.a.m.s.f.DefaultMavenResourcesFiltering - skip non existing resourceDirectory C:\Users\HP\Desktop\cars\Auto_counsel\auto_counsel\src\test\resources
2025-02-24 16:19:43,973 [Worker-15: Building] INFO  o.a.m.s.f.DefaultMavenResourcesFiltering - Copying 1 resource from src\main\resources to target\classes
2025-02-24 16:19:43,997 [Worker-15: Building] INFO  o.a.m.s.f.DefaultMavenResourcesFiltering - Copying 76 resources from src\main\resources to target\classes
2025-02-24 16:19:44,039 [Worker-15: Building] INFO  o.a.m.s.f.DefaultMavenResourcesFiltering - skip non existing resourceDirectory C:\Users\HP\Desktop\cars\Auto_counsel\auto_counsel\src\test\resources
2025-02-24 16:20:06,818 [Worker-15: Building] INFO  o.a.m.s.f.DefaultMavenResourcesFiltering - Copying 1 resource from src\main\resources to target\classes
2025-02-24 16:20:06,849 [Worker-15: Building] INFO  o.a.m.s.f.DefaultMavenResourcesFiltering - Copying 76 resources from src\main\resources to target\classes
2025-02-24 16:20:06,911 [Worker-15: Building] INFO  o.a.m.s.f.DefaultMavenResourcesFiltering - skip non existing resourceDirectory C:\Users\HP\Desktop\cars\Auto_counsel\auto_counsel\src\test\resources
2025-02-24 16:21:19,902 [Worker-23: Building] INFO  o.a.m.s.f.DefaultMavenResourcesFiltering - Copying 1 resource from src\main\resources to target\classes
2025-02-24 16:21:19,952 [Worker-23: Building] INFO  o.a.m.s.f.DefaultMavenResourcesFiltering - Copying 76 resources from src\main\resources to target\classes
2025-02-24 16:21:19,998 [Worker-23: Building] INFO  o.a.m.s.f.DefaultMavenResourcesFiltering - skip non existing resourceDirectory C:\Users\HP\Desktop\cars\Auto_counsel\auto_counsel\src\test\resources
2025-02-24 16:23:32,536 [Worker-23: Building] INFO  o.a.m.s.f.DefaultMavenResourcesFiltering - Copying 1 resource from src\main\resources to target\classes
2025-02-24 16:23:32,556 [Worker-23: Building] INFO  o.a.m.s.f.DefaultMavenResourcesFiltering - Copying 76 resources from src\main\resources to target\classes
2025-02-24 16:23:32,617 [Worker-23: Building] INFO  o.a.m.s.f.DefaultMavenResourcesFiltering - skip non existing resourceDirectory C:\Users\HP\Desktop\cars\Auto_counsel\auto_counsel\src\test\resources
2025-02-24 16:27:36,178 [Worker-26: Building] INFO  o.a.m.s.f.DefaultMavenResourcesFiltering - Copying 1 resource from src\main\resources to target\classes
2025-02-24 16:27:36,217 [Worker-26: Building] INFO  o.a.m.s.f.DefaultMavenResourcesFiltering - Copying 76 resources from src\main\resources to target\classes
2025-02-24 16:27:36,274 [Worker-26: Building] INFO  o.a.m.s.f.DefaultMavenResourcesFiltering - skip non existing resourceDirectory C:\Users\HP\Desktop\cars\Auto_counsel\auto_counsel\src\test\resources
2025-02-24 16:27:51,835 [Worker-19: Building] INFO  o.a.m.s.f.DefaultMavenResourcesFiltering - Copying 1 resource from src\main\resources to target\classes
2025-02-24 16:27:51,856 [Worker-19: Building] INFO  o.a.m.s.f.DefaultMavenResourcesFiltering - Copying 76 resources from src\main\resources to target\classes
2025-02-24 16:27:51,913 [Worker-19: Building] INFO  o.a.m.s.f.DefaultMavenResourcesFiltering - skip non existing resourceDirectory C:\Users\HP\Desktop\cars\Auto_counsel\auto_counsel\src\test\resources
2025-02-24 16:30:23,864 [Worker-25: Building] INFO  o.a.m.s.f.DefaultMavenResourcesFiltering - Copying 1 resource from src\main\resources to target\classes
2025-02-24 16:30:23,880 [Worker-25: Building] INFO  o.a.m.s.f.DefaultMavenResourcesFiltering - Copying 76 resources from src\main\resources to target\classes
2025-02-24 16:30:23,933 [Worker-25: Building] INFO  o.a.m.s.f.DefaultMavenResourcesFiltering - skip non existing resourceDirectory C:\Users\HP\Desktop\cars\Auto_counsel\auto_counsel\src\test\resources
2025-02-24 16:31:24,328 [Worker-26: Building] INFO  o.a.m.s.f.DefaultMavenResourcesFiltering - Copying 1 resource from src\main\resources to target\classes
2025-02-24 16:31:24,353 [Worker-26: Building] INFO  o.a.m.s.f.DefaultMavenResourcesFiltering - Copying 76 resources from src\main\resources to target\classes
2025-02-24 16:31:24,415 [Worker-26: Building] INFO  o.a.m.s.f.DefaultMavenResourcesFiltering - skip non existing resourceDirectory C:\Users\HP\Desktop\cars\Auto_counsel\auto_counsel\src\test\resources
2025-02-24 16:39:53,222 [Worker-15: Building] INFO  o.a.m.s.f.DefaultMavenResourcesFiltering - Copying 1 resource from src\main\resources to target\classes
2025-02-24 16:39:53,247 [Worker-15: Building] INFO  o.a.m.s.f.DefaultMavenResourcesFiltering - Copying 76 resources from src\main\resources to target\classes
2025-02-24 16:39:53,298 [Worker-15: Building] INFO  o.a.m.s.f.DefaultMavenResourcesFiltering - skip non existing resourceDirectory C:\Users\HP\Desktop\cars\Auto_counsel\auto_counsel\src\test\resources
2025-02-24 16:57:23,212 [Worker-15: Building] INFO  o.a.m.s.f.DefaultMavenResourcesFiltering - Copying 1 resource from src\main\resources to target\classes
2025-02-24 16:57:23,275 [Worker-15: Building] INFO  o.a.m.s.f.DefaultMavenResourcesFiltering - Copying 76 resources from src\main\resources to target\classes
2025-02-24 16:57:23,369 [Worker-15: Building] INFO  o.a.m.s.f.DefaultMavenResourcesFiltering - skip non existing resourceDirectory C:\Users\HP\Desktop\cars\Auto_counsel\auto_counsel\src\test\resources
2025-02-24 16:58:14,484 [Worker-21: Building] INFO  o.a.m.s.f.DefaultMavenResourcesFiltering - Copying 1 resource from src\main\resources to target\classes
2025-02-24 16:58:14,505 [Worker-21: Building] INFO  o.a.m.s.f.DefaultMavenResourcesFiltering - Copying 76 resources from src\main\resources to target\classes
2025-02-24 16:58:14,565 [Worker-21: Building] INFO  o.a.m.s.f.DefaultMavenResourcesFiltering - skip non existing resourceDirectory C:\Users\HP\Desktop\cars\Auto_counsel\auto_counsel\src\test\resources
2025-02-24 16:58:29,701 [Worker-15: Building] INFO  o.a.m.s.f.DefaultMavenResourcesFiltering - Copying 1 resource from src\main\resources to target\classes
2025-02-24 16:58:29,722 [Worker-15: Building] INFO  o.a.m.s.f.DefaultMavenResourcesFiltering - Copying 76 resources from src\main\resources to target\classes
2025-02-24 16:58:29,777 [Worker-15: Building] INFO  o.a.m.s.f.DefaultMavenResourcesFiltering - skip non existing resourceDirectory C:\Users\HP\Desktop\cars\Auto_counsel\auto_counsel\src\test\resources
2025-02-24 16:58:49,779 [Worker-20: Building] INFO  o.a.m.s.f.DefaultMavenResourcesFiltering - Copying 1 resource from src\main\resources to target\classes
2025-02-24 16:58:49,796 [Worker-20: Building] INFO  o.a.m.s.f.DefaultMavenResourcesFiltering - Copying 76 resources from src\main\resources to target\classes
2025-02-24 16:58:49,846 [Worker-20: Building] INFO  o.a.m.s.f.DefaultMavenResourcesFiltering - skip non existing resourceDirectory C:\Users\HP\Desktop\cars\Auto_counsel\auto_counsel\src\test\resources
2025-02-24 16:58:53,262 [Worker-27: Building] INFO  o.a.m.s.f.DefaultMavenResourcesFiltering - Copying 1 resource from src\main\resources to target\classes
2025-02-24 16:58:53,286 [Worker-27: Building] INFO  o.a.m.s.f.DefaultMavenResourcesFiltering - Copying 76 resources from src\main\resources to target\classes
2025-02-24 16:58:53,347 [Worker-27: Building] INFO  o.a.m.s.f.DefaultMavenResourcesFiltering - skip non existing resourceDirectory C:\Users\HP\Desktop\cars\Auto_counsel\auto_counsel\src\test\resources
2025-02-24 17:01:22,787 [Worker-19: Building] INFO  o.a.m.s.f.DefaultMavenResourcesFiltering - Copying 1 resource from src\main\resources to target\classes
2025-02-24 17:01:22,808 [Worker-19: Building] INFO  o.a.m.s.f.DefaultMavenResourcesFiltering - Copying 76 resources from src\main\resources to target\classes
2025-02-24 17:01:22,864 [Worker-19: Building] INFO  o.a.m.s.f.DefaultMavenResourcesFiltering - skip non existing resourceDirectory C:\Users\HP\Desktop\cars\Auto_counsel\auto_counsel\src\test\resources
2025-02-24 17:02:42,624 [Worker-26: Building] INFO  o.a.m.s.f.DefaultMavenResourcesFiltering - Copying 1 resource from src\main\resources to target\classes
2025-02-24 17:02:42,654 [Worker-26: Building] INFO  o.a.m.s.f.DefaultMavenResourcesFiltering - Copying 76 resources from src\main\resources to target\classes
2025-02-24 17:02:42,699 [Worker-26: Building] INFO  o.a.m.s.f.DefaultMavenResourcesFiltering - skip non existing resourceDirectory C:\Users\HP\Desktop\cars\Auto_counsel\auto_counsel\src\test\resources
2025-02-24 17:03:44,068 [Worker-15: Building] INFO  o.a.m.s.f.DefaultMavenResourcesFiltering - Copying 1 resource from src\main\resources to target\classes
2025-02-24 17:03:44,096 [Worker-15: Building] INFO  o.a.m.s.f.DefaultMavenResourcesFiltering - Copying 76 resources from src\main\resources to target\classes
2025-02-24 17:03:44,157 [Worker-15: Building] INFO  o.a.m.s.f.DefaultMavenResourcesFiltering - skip non existing resourceDirectory C:\Users\HP\Desktop\cars\Auto_counsel\auto_counsel\src\test\resources
2025-02-24 17:04:34,212 [Worker-28: Building] INFO  o.a.m.s.f.DefaultMavenResourcesFiltering - Copying 1 resource from src\main\resources to target\classes
2025-02-24 17:04:34,231 [Worker-28: Building] INFO  o.a.m.s.f.DefaultMavenResourcesFiltering - Copying 76 resources from src\main\resources to target\classes
2025-02-24 17:04:34,275 [Worker-28: Building] INFO  o.a.m.s.f.DefaultMavenResourcesFiltering - skip non existing resourceDirectory C:\Users\HP\Desktop\cars\Auto_counsel\auto_counsel\src\test\resources
2025-02-24 17:05:13,209 [Worker-21: Building] INFO  o.a.m.s.f.DefaultMavenResourcesFiltering - Copying 1 resource from src\main\resources to target\classes
2025-02-24 17:05:13,224 [Worker-21: Building] INFO  o.a.m.s.f.DefaultMavenResourcesFiltering - Copying 76 resources from src\main\resources to target\classes
2025-02-24 17:05:13,281 [Worker-21: Building] INFO  o.a.m.s.f.DefaultMavenResourcesFiltering - skip non existing resourceDirectory C:\Users\HP\Desktop\cars\Auto_counsel\auto_counsel\src\test\resources
2025-02-24 17:06:59,164 [Worker-19: Building] INFO  o.a.m.s.f.DefaultMavenResourcesFiltering - Copying 1 resource from src\main\resources to target\classes
2025-02-24 17:06:59,247 [Worker-19: Building] INFO  o.a.m.s.f.DefaultMavenResourcesFiltering - Copying 76 resources from src\main\resources to target\classes
2025-02-24 17:06:59,301 [Worker-19: Building] INFO  o.a.m.s.f.DefaultMavenResourcesFiltering - skip non existing resourceDirectory C:\Users\HP\Desktop\cars\Auto_counsel\auto_counsel\src\test\resources
2025-02-24 17:07:34,709 [Worker-27: Building] INFO  o.a.m.s.f.DefaultMavenResourcesFiltering - Copying 1 resource from src\main\resources to target\classes
2025-02-24 17:07:34,748 [Worker-27: Building] INFO  o.a.m.s.f.DefaultMavenResourcesFiltering - Copying 76 resources from src\main\resources to target\classes
2025-02-24 17:07:34,794 [Worker-27: Building] INFO  o.a.m.s.f.DefaultMavenResourcesFiltering - skip non existing resourceDirectory C:\Users\HP\Desktop\cars\Auto_counsel\auto_counsel\src\test\resources
2025-02-24 17:09:11,009 [Worker-15: Building] INFO  o.a.m.s.f.DefaultMavenResourcesFiltering - Copying 1 resource from src\main\resources to target\classes
2025-02-24 17:09:11,045 [Worker-15: Building] INFO  o.a.m.s.f.DefaultMavenResourcesFiltering - Copying 76 resources from src\main\resources to target\classes
2025-02-24 17:09:11,102 [Worker-15: Building] INFO  o.a.m.s.f.DefaultMavenResourcesFiltering - skip non existing resourceDirectory C:\Users\HP\Desktop\cars\Auto_counsel\auto_counsel\src\test\resources
2025-02-24 17:09:46,193 [Worker-25: Building] INFO  o.a.m.s.f.DefaultMavenResourcesFiltering - Copying 1 resource from src\main\resources to target\classes
2025-02-24 17:09:46,209 [Worker-25: Building] INFO  o.a.m.s.f.DefaultMavenResourcesFiltering - Copying 76 resources from src\main\resources to target\classes
2025-02-24 17:09:46,244 [Worker-25: Building] INFO  o.a.m.s.f.DefaultMavenResourcesFiltering - skip non existing resourceDirectory C:\Users\HP\Desktop\cars\Auto_counsel\auto_counsel\src\test\resources
2025-02-24 17:10:45,176 [Worker-29: Building] INFO  o.a.m.s.f.DefaultMavenResourcesFiltering - Copying 1 resource from src\main\resources to target\classes
2025-02-24 17:10:45,196 [Worker-29: Building] INFO  o.a.m.s.f.DefaultMavenResourcesFiltering - Copying 76 resources from src\main\resources to target\classes
2025-02-24 17:10:45,255 [Worker-29: Building] INFO  o.a.m.s.f.DefaultMavenResourcesFiltering - skip non existing resourceDirectory C:\Users\HP\Desktop\cars\Auto_counsel\auto_counsel\src\test\resources
2025-02-24 17:13:47,892 [Worker-25: Building] INFO  o.a.m.s.f.DefaultMavenResourcesFiltering - Copying 1 resource from src\main\resources to target\classes
2025-02-24 17:13:47,915 [Worker-25: Building] INFO  o.a.m.s.f.DefaultMavenResourcesFiltering - Copying 76 resources from src\main\resources to target\classes
2025-02-24 17:13:47,949 [Worker-25: Building] INFO  o.a.m.s.f.DefaultMavenResourcesFiltering - skip non existing resourceDirectory C:\Users\HP\Desktop\cars\Auto_counsel\auto_counsel\src\test\resources
2025-02-24 17:13:59,014 [Worker-25: Building] INFO  o.a.m.s.f.DefaultMavenResourcesFiltering - Copying 1 resource from src\main\resources to target\classes
2025-02-24 17:13:59,034 [Worker-25: Building] INFO  o.a.m.s.f.DefaultMavenResourcesFiltering - Copying 76 resources from src\main\resources to target\classes
2025-02-24 17:13:59,085 [Worker-25: Building] INFO  o.a.m.s.f.DefaultMavenResourcesFiltering - skip non existing resourceDirectory C:\Users\HP\Desktop\cars\Auto_counsel\auto_counsel\src\test\resources
2025-02-24 17:14:49,991 [Worker-6: Building] INFO  o.a.m.s.f.DefaultMavenResourcesFiltering - Copying 1 resource from src\main\resources to target\classes
2025-02-24 17:14:50,014 [Worker-6: Building] INFO  o.a.m.s.f.DefaultMavenResourcesFiltering - Copying 76 resources from src\main\resources to target\classes
2025-02-24 17:14:50,073 [Worker-6: Building] INFO  o.a.m.s.f.DefaultMavenResourcesFiltering - skip non existing resourceDirectory C:\Users\HP\Desktop\cars\Auto_counsel\auto_counsel\src\test\resources
2025-02-24 17:16:17,949 [Worker-27: Building] INFO  o.a.m.s.f.DefaultMavenResourcesFiltering - Copying 1 resource from src\main\resources to target\classes
2025-02-24 17:16:17,969 [Worker-27: Building] INFO  o.a.m.s.f.DefaultMavenResourcesFiltering - Copying 76 resources from src\main\resources to target\classes
2025-02-24 17:16:18,020 [Worker-27: Building] INFO  o.a.m.s.f.DefaultMavenResourcesFiltering - skip non existing resourceDirectory C:\Users\HP\Desktop\cars\Auto_counsel\auto_counsel\src\test\resources
2025-02-24 17:16:34,292 [Worker-30: Building] INFO  o.a.m.s.f.DefaultMavenResourcesFiltering - Copying 1 resource from src\main\resources to target\classes
2025-02-24 17:16:34,318 [Worker-30: Building] INFO  o.a.m.s.f.DefaultMavenResourcesFiltering - Copying 76 resources from src\main\resources to target\classes
2025-02-24 17:16:34,376 [Worker-30: Building] INFO  o.a.m.s.f.DefaultMavenResourcesFiltering - skip non existing resourceDirectory C:\Users\HP\Desktop\cars\Auto_counsel\auto_counsel\src\test\resources
2025-02-24 17:16:47,053 [Worker-6: Building] INFO  o.a.m.s.f.DefaultMavenResourcesFiltering - Copying 1 resource from src\main\resources to target\classes
2025-02-24 17:16:47,067 [Worker-6: Building] INFO  o.a.m.s.f.DefaultMavenResourcesFiltering - Copying 76 resources from src\main\resources to target\classes
2025-02-24 17:16:47,113 [Worker-6: Building] INFO  o.a.m.s.f.DefaultMavenResourcesFiltering - skip non existing resourceDirectory C:\Users\HP\Desktop\cars\Auto_counsel\auto_counsel\src\test\resources
2025-02-24 17:17:26,651 [Worker-26: Building] INFO  o.a.m.s.f.DefaultMavenResourcesFiltering - Copying 1 resource from src\main\resources to target\classes
2025-02-24 17:17:26,666 [Worker-26: Building] INFO  o.a.m.s.f.DefaultMavenResourcesFiltering - Copying 76 resources from src\main\resources to target\classes
2025-02-24 17:17:26,707 [Worker-26: Building] INFO  o.a.m.s.f.DefaultMavenResourcesFiltering - skip non existing resourceDirectory C:\Users\HP\Desktop\cars\Auto_counsel\auto_counsel\src\test\resources
2025-02-24 17:17:50,645 [Worker-26: Building] INFO  o.a.m.s.f.DefaultMavenResourcesFiltering - Copying 1 resource from src\main\resources to target\classes
2025-02-24 17:17:50,664 [Worker-26: Building] INFO  o.a.m.s.f.DefaultMavenResourcesFiltering - Copying 76 resources from src\main\resources to target\classes
2025-02-24 17:17:50,710 [Worker-26: Building] INFO  o.a.m.s.f.DefaultMavenResourcesFiltering - skip non existing resourceDirectory C:\Users\HP\Desktop\cars\Auto_counsel\auto_counsel\src\test\resources
2025-02-24 17:18:47,002 [Worker-21: Building] INFO  o.a.m.s.f.DefaultMavenResourcesFiltering - Copying 1 resource from src\main\resources to target\classes
2025-02-24 17:18:47,035 [Worker-21: Building] INFO  o.a.m.s.f.DefaultMavenResourcesFiltering - Copying 76 resources from src\main\resources to target\classes
2025-02-24 17:18:47,093 [Worker-21: Building] INFO  o.a.m.s.f.DefaultMavenResourcesFiltering - skip non existing resourceDirectory C:\Users\HP\Desktop\cars\Auto_counsel\auto_counsel\src\test\resources
2025-02-24 17:20:19,100 [Worker-6: Building] INFO  o.a.m.s.f.DefaultMavenResourcesFiltering - Copying 1 resource from src\main\resources to target\classes
2025-02-24 17:20:19,121 [Worker-6: Building] INFO  o.a.m.s.f.DefaultMavenResourcesFiltering - Copying 76 resources from src\main\resources to target\classes
2025-02-24 17:20:19,174 [Worker-6: Building] INFO  o.a.m.s.f.DefaultMavenResourcesFiltering - skip non existing resourceDirectory C:\Users\HP\Desktop\cars\Auto_counsel\auto_counsel\src\test\resources
2025-02-24 17:21:08,281 [Worker-28: Building] INFO  o.a.m.s.f.DefaultMavenResourcesFiltering - Copying 1 resource from src\main\resources to target\classes
2025-02-24 17:21:08,318 [Worker-28: Building] INFO  o.a.m.s.f.DefaultMavenResourcesFiltering - Copying 76 resources from src\main\resources to target\classes
2025-02-24 17:21:08,384 [Worker-28: Building] INFO  o.a.m.s.f.DefaultMavenResourcesFiltering - skip non existing resourceDirectory C:\Users\HP\Desktop\cars\Auto_counsel\auto_counsel\src\test\resources
2025-02-24 17:30:53,705 [Worker-29: Building] INFO  o.a.m.s.f.DefaultMavenResourcesFiltering - Copying 0 resource from src\main\resources to target\classes
2025-02-24 17:30:53,730 [Worker-29: Building] INFO  o.a.m.s.f.DefaultMavenResourcesFiltering - Copying 0 resource from src\main\resources to target\classes
2025-02-24 17:30:53,738 [Worker-29: Building] INFO  o.a.m.s.f.DefaultMavenResourcesFiltering - skip non existing resourceDirectory C:\Users\HP\Desktop\cars\Auto_counsel\auto_counsel\src\test\resources
2025-02-24 17:32:33,993 [Worker-21: Building] INFO  o.a.m.s.f.DefaultMavenResourcesFiltering - Copying 1 resource from src\main\resources to target\classes
2025-02-24 17:32:34,023 [Worker-21: Building] INFO  o.a.m.s.f.DefaultMavenResourcesFiltering - Copying 76 resources from src\main\resources to target\classes
2025-02-24 17:32:34,092 [Worker-21: Building] INFO  o.a.m.s.f.DefaultMavenResourcesFiltering - skip non existing resourceDirectory C:\Users\HP\Desktop\cars\Auto_counsel\auto_counsel\src\test\resources
2025-02-24 17:33:57,047 [Worker-25: Building] INFO  o.a.m.s.f.DefaultMavenResourcesFiltering - Copying 1 resource from src\main\resources to target\classes
2025-02-24 17:33:57,072 [Worker-25: Building] INFO  o.a.m.s.f.DefaultMavenResourcesFiltering - Copying 76 resources from src\main\resources to target\classes
2025-02-24 17:33:57,121 [Worker-25: Building] INFO  o.a.m.s.f.DefaultMavenResourcesFiltering - skip non existing resourceDirectory C:\Users\HP\Desktop\cars\Auto_counsel\auto_counsel\src\test\resources
2025-02-24 17:34:28,950 [Worker-30: Building] INFO  o.a.m.s.f.DefaultMavenResourcesFiltering - Copying 1 resource from src\main\resources to target\classes
2025-02-24 17:34:28,970 [Worker-30: Building] INFO  o.a.m.s.f.DefaultMavenResourcesFiltering - Copying 76 resources from src\main\resources to target\classes
2025-02-24 17:34:29,022 [Worker-30: Building] INFO  o.a.m.s.f.DefaultMavenResourcesFiltering - skip non existing resourceDirectory C:\Users\HP\Desktop\cars\Auto_counsel\auto_counsel\src\test\resources
2025-02-24 17:45:35,205 [Worker-25: Building] INFO  o.a.m.s.f.DefaultMavenResourcesFiltering - Copying 1 resource from src\main\resources to target\classes
2025-02-24 17:45:35,230 [Worker-25: Building] INFO  o.a.m.s.f.DefaultMavenResourcesFiltering - Copying 76 resources from src\main\resources to target\classes
2025-02-24 17:45:35,288 [Worker-25: Building] INFO  o.a.m.s.f.DefaultMavenResourcesFiltering - skip non existing resourceDirectory C:\Users\HP\Desktop\cars\Auto_counsel\auto_counsel\src\test\resources
2025-02-24 17:46:09,146 [Worker-25: Building] INFO  o.a.m.s.f.DefaultMavenResourcesFiltering - Copying 1 resource from src\main\resources to target\classes
2025-02-24 17:46:09,168 [Worker-25: Building] INFO  o.a.m.s.f.DefaultMavenResourcesFiltering - Copying 76 resources from src\main\resources to target\classes
2025-02-24 17:46:09,207 [Worker-25: Building] INFO  o.a.m.s.f.DefaultMavenResourcesFiltering - skip non existing resourceDirectory C:\Users\HP\Desktop\cars\Auto_counsel\auto_counsel\src\test\resources
2025-02-24 17:47:58,024 [Worker-27: Building] INFO  o.a.m.s.f.DefaultMavenResourcesFiltering - Copying 1 resource from src\main\resources to target\classes
2025-02-24 17:47:58,046 [Worker-27: Building] INFO  o.a.m.s.f.DefaultMavenResourcesFiltering - Copying 76 resources from src\main\resources to target\classes
2025-02-24 17:47:58,083 [Worker-27: Building] INFO  o.a.m.s.f.DefaultMavenResourcesFiltering - skip non existing resourceDirectory C:\Users\HP\Desktop\cars\Auto_counsel\auto_counsel\src\test\resources
2025-02-24 18:00:49,963 [Worker-32: Building] INFO  o.a.m.s.f.DefaultMavenResourcesFiltering - Copying 1 resource from src\main\resources to target\classes
2025-02-24 18:00:50,008 [Worker-32: Building] INFO  o.a.m.s.f.DefaultMavenResourcesFiltering - Copying 76 resources from src\main\resources to target\classes
2025-02-24 18:00:50,068 [Worker-32: Building] INFO  o.a.m.s.f.DefaultMavenResourcesFiltering - skip non existing resourceDirectory C:\Users\HP\Desktop\cars\Auto_counsel\auto_counsel\src\test\resources
2025-02-24 18:02:26,012 [Worker-30: Building] INFO  o.a.m.s.f.DefaultMavenResourcesFiltering - Copying 1 resource from src\main\resources to target\classes
2025-02-24 18:02:26,033 [Worker-30: Building] INFO  o.a.m.s.f.DefaultMavenResourcesFiltering - Copying 76 resources from src\main\resources to target\classes
2025-02-24 18:02:26,089 [Worker-30: Building] INFO  o.a.m.s.f.DefaultMavenResourcesFiltering - skip non existing resourceDirectory C:\Users\HP\Desktop\cars\Auto_counsel\auto_counsel\src\test\resources
2025-02-24 18:03:48,072 [Worker-29: Building] INFO  o.a.m.s.f.DefaultMavenResourcesFiltering - Copying 0 resource from src\main\resources to target\classes
2025-02-24 18:03:48,098 [Worker-29: Building] INFO  o.a.m.s.f.DefaultMavenResourcesFiltering - Copying 0 resource from src\main\resources to target\classes
2025-02-24 18:03:48,104 [Worker-29: Building] INFO  o.a.m.s.f.DefaultMavenResourcesFiltering - skip non existing resourceDirectory C:\Users\HP\Desktop\cars\Auto_counsel\auto_counsel\src\test\resources
2025-02-24 18:05:30,605 [Worker-31: Building] INFO  o.a.m.s.f.DefaultMavenResourcesFiltering - Copying 1 resource from src\main\resources to target\classes
2025-02-24 18:05:30,637 [Worker-31: Building] INFO  o.a.m.s.f.DefaultMavenResourcesFiltering - Copying 76 resources from src\main\resources to target\classes
2025-02-24 18:05:30,678 [Worker-31: Building] INFO  o.a.m.s.f.DefaultMavenResourcesFiltering - skip non existing resourceDirectory C:\Users\HP\Desktop\cars\Auto_counsel\auto_counsel\src\test\resources
2025-02-24 18:06:02,709 [Worker-30: Building] INFO  o.a.m.s.f.DefaultMavenResourcesFiltering - Copying 1 resource from src\main\resources to target\classes
2025-02-24 18:06:02,724 [Worker-30: Building] INFO  o.a.m.s.f.DefaultMavenResourcesFiltering - Copying 76 resources from src\main\resources to target\classes
2025-02-24 18:06:02,771 [Worker-30: Building] INFO  o.a.m.s.f.DefaultMavenResourcesFiltering - skip non existing resourceDirectory C:\Users\HP\Desktop\cars\Auto_counsel\auto_counsel\src\test\resources
2025-02-24 18:07:13,895 [Worker-21: Building] INFO  o.a.m.s.f.DefaultMavenResourcesFiltering - Copying 1 resource from src\main\resources to target\classes
2025-02-24 18:07:13,924 [Worker-21: Building] INFO  o.a.m.s.f.DefaultMavenResourcesFiltering - Copying 76 resources from src\main\resources to target\classes
2025-02-24 18:07:13,974 [Worker-21: Building] INFO  o.a.m.s.f.DefaultMavenResourcesFiltering - skip non existing resourceDirectory C:\Users\HP\Desktop\cars\Auto_counsel\auto_counsel\src\test\resources
2025-02-24 18:18:35,173 [Worker-27: Building] INFO  o.a.m.s.f.DefaultMavenResourcesFiltering - Copying 1 resource from src\main\resources to target\classes
2025-02-24 18:18:35,190 [Worker-27: Building] INFO  o.a.m.s.f.DefaultMavenResourcesFiltering - Copying 76 resources from src\main\resources to target\classes
2025-02-24 18:18:35,237 [Worker-27: Building] INFO  o.a.m.s.f.DefaultMavenResourcesFiltering - skip non existing resourceDirectory C:\Users\HP\Desktop\cars\Auto_counsel\auto_counsel\src\test\resources
2025-02-26 12:32:23,525 [Worker-42: Building] INFO  o.a.m.s.f.DefaultMavenResourcesFiltering - Copying 1 resource from src\main\resources to target\classes
2025-02-26 12:32:23,543 [Worker-42: Building] INFO  o.a.m.s.f.DefaultMavenResourcesFiltering - Copying 76 resources from src\main\resources to target\classes
2025-02-26 12:32:23,839 [Worker-42: Building] INFO  o.a.m.s.f.DefaultMavenResourcesFiltering - skip non existing resourceDirectory C:\Users\HP\Desktop\cars\Auto_counsel\auto_counsel\src\test\resources
2025-02-26 12:37:54,082 [Worker-35: Building] INFO  o.a.m.s.f.DefaultMavenResourcesFiltering - Copying 1 resource from src\main\resources to target\classes
2025-02-26 12:37:54,141 [Worker-35: Building] INFO  o.a.m.s.f.DefaultMavenResourcesFiltering - Copying 76 resources from src\main\resources to target\classes
2025-02-26 12:37:54,199 [Worker-35: Building] INFO  o.a.m.s.f.DefaultMavenResourcesFiltering - skip non existing resourceDirectory C:\Users\HP\Desktop\cars\Auto_counsel\auto_counsel\src\test\resources
2025-02-26 12:42:22,363 [Worker-45: Building] INFO  o.a.m.s.f.DefaultMavenResourcesFiltering - Copying 1 resource from src\main\resources to target\classes
2025-02-26 12:42:22,388 [Worker-45: Building] INFO  o.a.m.s.f.DefaultMavenResourcesFiltering - Copying 76 resources from src\main\resources to target\classes
2025-02-26 12:42:22,447 [Worker-45: Building] INFO  o.a.m.s.f.DefaultMavenResourcesFiltering - skip non existing resourceDirectory C:\Users\HP\Desktop\cars\Auto_counsel\auto_counsel\src\test\resources
2025-02-26 13:19:29,785 [Worker-53: Building] INFO  o.a.m.s.f.DefaultMavenResourcesFiltering - Copying 0 resource from src\main\resources to target\classes
2025-02-26 13:19:29,806 [Worker-53: Building] INFO  o.a.m.s.f.DefaultMavenResourcesFiltering - Copying 0 resource from src\main\resources to target\classes
2025-02-26 13:19:29,813 [Worker-53: Building] INFO  o.a.m.s.f.DefaultMavenResourcesFiltering - skip non existing resourceDirectory C:\Users\HP\Desktop\cars\Auto_counsel\auto_counsel\src\test\resources
2025-02-26 13:20:51,318 [Worker-52: Building] INFO  o.a.m.s.f.DefaultMavenResourcesFiltering - Copying 1 resource from src\main\resources to target\classes
2025-02-26 13:20:51,347 [Worker-52: Building] INFO  o.a.m.s.f.DefaultMavenResourcesFiltering - Copying 76 resources from src\main\resources to target\classes
2025-02-26 13:20:51,427 [Worker-52: Building] INFO  o.a.m.s.f.DefaultMavenResourcesFiltering - skip non existing resourceDirectory C:\Users\HP\Desktop\cars\Auto_counsel\auto_counsel\src\test\resources
2025-02-26 13:25:21,954 [Worker-0: Loading available Gradle versions] INFO  o.e.b.c.i.u.g.PublishedGradleVersions - Gradle version information cache is out-of-date. Trying to update.
2025-02-26 13:26:25,071 [Worker-3: Building] INFO  o.a.m.s.f.DefaultMavenResourcesFiltering - Copying 1 resource from src\main\resources to target\classes
2025-02-26 13:26:25,131 [Worker-3: Building] INFO  o.a.m.s.f.DefaultMavenResourcesFiltering - Copying 76 resources from src\main\resources to target\classes
2025-02-26 13:26:25,195 [Worker-3: Building] INFO  o.a.m.s.f.DefaultMavenResourcesFiltering - skip non existing resourceDirectory C:\Users\HP\Desktop\cars\Auto_counsel\auto_counsel\src\test\resources
2025-02-26 13:28:37,695 [Worker-5: Building] INFO  o.a.m.s.f.DefaultMavenResourcesFiltering - Copying 0 resource from src\main\resources to target\classes
2025-02-26 13:28:37,738 [Worker-5: Building] INFO  o.a.m.s.f.DefaultMavenResourcesFiltering - Copying 0 resource from src\main\resources to target\classes
2025-02-26 13:28:37,749 [Worker-5: Building] INFO  o.a.m.s.f.DefaultMavenResourcesFiltering - skip non existing resourceDirectory C:\Users\HP\Desktop\cars\Auto_counsel\auto_counsel\src\test\resources
2025-02-26 13:28:56,479 [Worker-2: Building] INFO  o.a.m.s.f.DefaultMavenResourcesFiltering - Copying 0 resource from src\main\resources to target\classes
2025-02-26 13:28:56,545 [Worker-2: Building] INFO  o.a.m.s.f.DefaultMavenResourcesFiltering - Copying 1 resource from src\main\resources to target\classes
2025-02-26 13:28:56,559 [Worker-2: Building] INFO  o.a.m.s.f.DefaultMavenResourcesFiltering - skip non existing resourceDirectory C:\Users\HP\Desktop\cars\Auto_counsel\auto_counsel\src\test\resources
2025-02-26 13:29:10,900 [Worker-5: Building] INFO  o.a.m.s.f.DefaultMavenResourcesFiltering - Copying 1 resource from src\main\resources to target\classes
2025-02-26 13:29:10,962 [Worker-5: Building] INFO  o.a.m.s.f.DefaultMavenResourcesFiltering - Copying 76 resources from src\main\resources to target\classes
2025-02-26 13:29:11,059 [Worker-5: Building] INFO  o.a.m.s.f.DefaultMavenResourcesFiltering - skip non existing resourceDirectory C:\Users\HP\Desktop\cars\Auto_counsel\auto_counsel\src\test\resources
2025-02-26 13:31:49,171 [Worker-6: Building] INFO  o.a.m.s.f.DefaultMavenResourcesFiltering - Copying 0 resource from src\main\resources to target\classes
2025-02-26 13:31:49,196 [Worker-6: Building] INFO  o.a.m.s.f.DefaultMavenResourcesFiltering - Copying 0 resource from src\main\resources to target\classes
2025-02-26 13:31:49,238 [Worker-6: Building] INFO  o.a.m.s.f.DefaultMavenResourcesFiltering - skip non existing resourceDirectory C:\Users\HP\Desktop\cars\Auto_counsel\auto_counsel\src\test\resources
2025-02-26 13:37:05,418 [Worker-0: Building] INFO  o.a.m.s.f.DefaultMavenResourcesFiltering - Copying 1 resource from src\main\resources to target\classes
2025-02-26 13:37:05,475 [Worker-0: Building] INFO  o.a.m.s.f.DefaultMavenResourcesFiltering - Copying 76 resources from src\main\resources to target\classes
2025-02-26 13:37:05,559 [Worker-0: Building] INFO  o.a.m.s.f.DefaultMavenResourcesFiltering - skip non existing resourceDirectory C:\Users\HP\Desktop\cars\Auto_counsel\auto_counsel\src\test\resources
2025-02-26 13:38:07,813 [Worker-0: Building] INFO  o.a.m.s.f.DefaultMavenResourcesFiltering - Copying 1 resource from src\main\resources to target\classes
2025-02-26 13:38:07,833 [Worker-0: Building] INFO  o.a.m.s.f.DefaultMavenResourcesFiltering - Copying 76 resources from src\main\resources to target\classes
2025-02-26 13:38:07,898 [Worker-0: Building] INFO  o.a.m.s.f.DefaultMavenResourcesFiltering - skip non existing resourceDirectory C:\Users\HP\Desktop\cars\Auto_counsel\auto_counsel\src\test\resources
2025-02-26 13:38:51,037 [Worker-4: Building] INFO  o.a.m.s.f.DefaultMavenResourcesFiltering - Copying 1 resource from src\main\resources to target\classes
2025-02-26 13:38:51,057 [Worker-4: Building] INFO  o.a.m.s.f.DefaultMavenResourcesFiltering - Copying 76 resources from src\main\resources to target\classes
2025-02-26 13:38:51,155 [Worker-4: Building] INFO  o.a.m.s.f.DefaultMavenResourcesFiltering - skip non existing resourceDirectory C:\Users\HP\Desktop\cars\Auto_counsel\auto_counsel\src\test\resources
2025-02-26 13:39:24,594 [Worker-5: Building] INFO  o.a.m.s.f.DefaultMavenResourcesFiltering - Copying 1 resource from src\main\resources to target\classes
2025-02-26 13:39:24,615 [Worker-5: Building] INFO  o.a.m.s.f.DefaultMavenResourcesFiltering - Copying 76 resources from src\main\resources to target\classes
2025-02-26 13:39:24,692 [Worker-5: Building] INFO  o.a.m.s.f.DefaultMavenResourcesFiltering - skip non existing resourceDirectory C:\Users\HP\Desktop\cars\Auto_counsel\auto_counsel\src\test\resources
2025-02-26 13:40:11,696 [Worker-5: Building] INFO  o.a.m.s.f.DefaultMavenResourcesFiltering - Copying 1 resource from src\main\resources to target\classes
2025-02-26 13:40:11,718 [Worker-5: Building] INFO  o.a.m.s.f.DefaultMavenResourcesFiltering - Copying 76 resources from src\main\resources to target\classes
2025-02-26 13:40:11,770 [Worker-5: Building] INFO  o.a.m.s.f.DefaultMavenResourcesFiltering - skip non existing resourceDirectory C:\Users\HP\Desktop\cars\Auto_counsel\auto_counsel\src\test\resources
2025-02-26 13:40:37,893 [Worker-5: Building] INFO  o.a.m.s.f.DefaultMavenResourcesFiltering - Copying 1 resource from src\main\resources to target\classes
2025-02-26 13:40:37,915 [Worker-5: Building] INFO  o.a.m.s.f.DefaultMavenResourcesFiltering - Copying 76 resources from src\main\resources to target\classes
2025-02-26 13:40:37,974 [Worker-5: Building] INFO  o.a.m.s.f.DefaultMavenResourcesFiltering - skip non existing resourceDirectory C:\Users\HP\Desktop\cars\Auto_counsel\auto_counsel\src\test\resources
2025-02-26 13:44:23,622 [Worker-12: Building] INFO  o.a.m.s.f.DefaultMavenResourcesFiltering - Copying 1 resource from src\main\resources to target\classes
2025-02-26 13:44:23,644 [Worker-12: Building] INFO  o.a.m.s.f.DefaultMavenResourcesFiltering - Copying 76 resources from src\main\resources to target\classes
2025-02-26 13:44:23,721 [Worker-12: Building] INFO  o.a.m.s.f.DefaultMavenResourcesFiltering - skip non existing resourceDirectory C:\Users\HP\Desktop\cars\Auto_counsel\auto_counsel\src\test\resources
2025-02-26 13:46:27,617 [Worker-2: Building] INFO  o.a.m.s.f.DefaultMavenResourcesFiltering - Copying 1 resource from src\main\resources to target\classes
2025-02-26 13:46:27,639 [Worker-2: Building] INFO  o.a.m.s.f.DefaultMavenResourcesFiltering - Copying 76 resources from src\main\resources to target\classes
2025-02-26 13:46:27,709 [Worker-2: Building] INFO  o.a.m.s.f.DefaultMavenResourcesFiltering - skip non existing resourceDirectory C:\Users\HP\Desktop\cars\Auto_counsel\auto_counsel\src\test\resources
2025-02-26 15:43:40,754 [Worker-7: Building] INFO  o.a.m.s.f.DefaultMavenResourcesFiltering - Copying 1 resource from src\main\resources to target\classes
2025-02-26 15:43:40,852 [Worker-7: Building] INFO  o.a.m.s.f.DefaultMavenResourcesFiltering - Copying 76 resources from src\main\resources to target\classes
2025-02-26 15:43:40,956 [Worker-7: Building] INFO  o.a.m.s.f.DefaultMavenResourcesFiltering - skip non existing resourceDirectory C:\Users\HP\Desktop\cars\Auto_counsel\auto_counsel\src\test\resources
2025-02-26 15:48:20,972 [Worker-9: Building] INFO  o.a.m.s.f.DefaultMavenResourcesFiltering - Copying 1 resource from src\main\resources to target\classes
2025-02-26 15:48:20,997 [Worker-9: Building] INFO  o.a.m.s.f.DefaultMavenResourcesFiltering - Copying 76 resources from src\main\resources to target\classes
2025-02-26 15:48:21,050 [Worker-9: Building] INFO  o.a.m.s.f.DefaultMavenResourcesFiltering - skip non existing resourceDirectory C:\Users\HP\Desktop\cars\Auto_counsel\auto_counsel\src\test\resources
2025-02-26 15:49:56,626 [Worker-5: Building] INFO  o.a.m.s.f.DefaultMavenResourcesFiltering - Copying 1 resource from src\main\resources to target\classes
2025-02-26 15:49:56,704 [Worker-5: Building] INFO  o.a.m.s.f.DefaultMavenResourcesFiltering - Copying 76 resources from src\main\resources to target\classes
2025-02-26 15:49:56,750 [Worker-5: Building] INFO  o.a.m.s.f.DefaultMavenResourcesFiltering - skip non existing resourceDirectory C:\Users\HP\Desktop\cars\Auto_counsel\auto_counsel\src\test\resources
2025-02-26 16:01:38,554 [Worker-2: Building] INFO  o.a.m.s.f.DefaultMavenResourcesFiltering - Copying 1 resource from src\main\resources to target\classes
2025-02-26 16:01:38,575 [Worker-2: Building] INFO  o.a.m.s.f.DefaultMavenResourcesFiltering - Copying 76 resources from src\main\resources to target\classes
2025-02-26 16:01:38,642 [Worker-2: Building] INFO  o.a.m.s.f.DefaultMavenResourcesFiltering - skip non existing resourceDirectory C:\Users\HP\Desktop\cars\Auto_counsel\auto_counsel\src\test\resources
2025-02-26 16:02:28,208 [Worker-2: Building] INFO  o.a.m.s.f.DefaultMavenResourcesFiltering - Copying 1 resource from src\main\resources to target\classes
2025-02-26 16:02:28,231 [Worker-2: Building] INFO  o.a.m.s.f.DefaultMavenResourcesFiltering - Copying 76 resources from src\main\resources to target\classes
2025-02-26 16:02:28,329 [Worker-2: Building] INFO  o.a.m.s.f.DefaultMavenResourcesFiltering - skip non existing resourceDirectory C:\Users\HP\Desktop\cars\Auto_counsel\auto_counsel\src\test\resources
2025-02-26 16:02:44,278 [Worker-5: Building] INFO  o.a.m.s.f.DefaultMavenResourcesFiltering - Copying 1 resource from src\main\resources to target\classes
2025-02-26 16:02:44,299 [Worker-5: Building] INFO  o.a.m.s.f.DefaultMavenResourcesFiltering - Copying 76 resources from src\main\resources to target\classes
2025-02-26 16:02:44,353 [Worker-5: Building] INFO  o.a.m.s.f.DefaultMavenResourcesFiltering - skip non existing resourceDirectory C:\Users\HP\Desktop\cars\Auto_counsel\auto_counsel\src\test\resources
2025-02-26 16:29:17,148 [Worker-12: Building] INFO  o.a.m.s.f.DefaultMavenResourcesFiltering - Copying 0 resource from src\main\resources to target\classes
2025-02-26 16:29:17,175 [Worker-12: Building] INFO  o.a.m.s.f.DefaultMavenResourcesFiltering - Copying 0 resource from src\main\resources to target\classes
2025-02-26 16:29:17,192 [Worker-12: Building] INFO  o.a.m.s.f.DefaultMavenResourcesFiltering - skip non existing resourceDirectory C:\Users\HP\Desktop\cars\Auto_counsel\auto_counsel\src\test\resources
2025-02-27 12:44:28,551 [Worker-2: Loading available Gradle versions] INFO  o.e.b.c.i.u.g.PublishedGradleVersions - Gradle version information cache is up-to-date. Trying to read.
2025-02-27 12:45:15,080 [Worker-7: Building] INFO  o.a.m.s.f.DefaultMavenResourcesFiltering - Copying 1 resource from src\main\resources to target\classes
2025-02-27 12:45:15,145 [Worker-7: Building] INFO  o.a.m.s.f.DefaultMavenResourcesFiltering - Copying 76 resources from src\main\resources to target\classes
2025-02-27 12:45:15,915 [Worker-7: Building] INFO  o.a.m.s.f.DefaultMavenResourcesFiltering - skip non existing resourceDirectory C:\Users\HP\Desktop\cars\Auto_counsel\auto_counsel\src\test\resources
2025-02-27 12:50:32,350 [Worker-15: Building] INFO  o.a.m.s.f.DefaultMavenResourcesFiltering - Copying 1 resource from src\main\resources to target\classes
2025-02-27 12:50:32,412 [Worker-15: Building] INFO  o.a.m.s.f.DefaultMavenResourcesFiltering - Copying 76 resources from src\main\resources to target\classes
2025-02-27 12:50:32,479 [Worker-15: Building] INFO  o.a.m.s.f.DefaultMavenResourcesFiltering - skip non existing resourceDirectory C:\Users\HP\Desktop\cars\Auto_counsel\auto_counsel\src\test\resources
2025-02-27 12:53:24,595 [Worker-12: Building] INFO  o.a.m.s.f.DefaultMavenResourcesFiltering - Copying 1 resource from src\main\resources to target\classes
2025-02-27 12:53:24,619 [Worker-12: Building] INFO  o.a.m.s.f.DefaultMavenResourcesFiltering - Copying 76 resources from src\main\resources to target\classes
2025-02-27 12:53:24,708 [Worker-12: Building] INFO  o.a.m.s.f.DefaultMavenResourcesFiltering - skip non existing resourceDirectory C:\Users\HP\Desktop\cars\Auto_counsel\auto_counsel\src\test\resources
2025-02-27 12:54:02,428 [Worker-18: Building] INFO  o.a.m.s.f.DefaultMavenResourcesFiltering - Copying 1 resource from src\main\resources to target\classes
2025-02-27 12:54:02,451 [Worker-18: Building] INFO  o.a.m.s.f.DefaultMavenResourcesFiltering - Copying 76 resources from src\main\resources to target\classes
2025-02-27 12:54:02,587 [Worker-18: Building] INFO  o.a.m.s.f.DefaultMavenResourcesFiltering - skip non existing resourceDirectory C:\Users\HP\Desktop\cars\Auto_counsel\auto_counsel\src\test\resources
2025-02-27 12:59:57,202 [Worker-18: Building] INFO  o.a.m.s.f.DefaultMavenResourcesFiltering - Copying 1 resource from src\main\resources to target\classes
2025-02-27 12:59:57,225 [Worker-18: Building] INFO  o.a.m.s.f.DefaultMavenResourcesFiltering - Copying 76 resources from src\main\resources to target\classes
2025-02-27 12:59:57,291 [Worker-18: Building] INFO  o.a.m.s.f.DefaultMavenResourcesFiltering - skip non existing resourceDirectory C:\Users\HP\Desktop\cars\Auto_counsel\auto_counsel\src\test\resources
2025-02-27 13:00:30,271 [Worker-18: Building] INFO  o.a.m.s.f.DefaultMavenResourcesFiltering - Copying 1 resource from src\main\resources to target\classes
2025-02-27 13:00:30,290 [Worker-18: Building] INFO  o.a.m.s.f.DefaultMavenResourcesFiltering - Copying 76 resources from src\main\resources to target\classes
2025-02-27 13:00:30,343 [Worker-18: Building] INFO  o.a.m.s.f.DefaultMavenResourcesFiltering - skip non existing resourceDirectory C:\Users\HP\Desktop\cars\Auto_counsel\auto_counsel\src\test\resources
2025-02-27 13:02:05,500 [Worker-17: Building] INFO  o.a.m.s.f.DefaultMavenResourcesFiltering - Copying 1 resource from src\main\resources to target\classes
2025-02-27 13:02:05,520 [Worker-17: Building] INFO  o.a.m.s.f.DefaultMavenResourcesFiltering - Copying 76 resources from src\main\resources to target\classes
2025-02-27 13:02:05,566 [Worker-17: Building] INFO  o.a.m.s.f.DefaultMavenResourcesFiltering - skip non existing resourceDirectory C:\Users\HP\Desktop\cars\Auto_counsel\auto_counsel\src\test\resources
2025-02-27 13:02:28,921 [Worker-12: Building] INFO  o.a.m.s.f.DefaultMavenResourcesFiltering - Copying 1 resource from src\main\resources to target\classes
2025-02-27 13:02:28,942 [Worker-12: Building] INFO  o.a.m.s.f.DefaultMavenResourcesFiltering - Copying 76 resources from src\main\resources to target\classes
2025-02-27 13:02:28,988 [Worker-12: Building] INFO  o.a.m.s.f.DefaultMavenResourcesFiltering - skip non existing resourceDirectory C:\Users\HP\Desktop\cars\Auto_counsel\auto_counsel\src\test\resources
2025-02-27 13:03:20,443 [Worker-18: Building] INFO  o.a.m.s.f.DefaultMavenResourcesFiltering - Copying 1 resource from src\main\resources to target\classes
2025-02-27 13:03:20,463 [Worker-18: Building] INFO  o.a.m.s.f.DefaultMavenResourcesFiltering - Copying 76 resources from src\main\resources to target\classes
2025-02-27 13:03:20,515 [Worker-18: Building] INFO  o.a.m.s.f.DefaultMavenResourcesFiltering - skip non existing resourceDirectory C:\Users\HP\Desktop\cars\Auto_counsel\auto_counsel\src\test\resources
2025-02-27 13:04:06,943 [Worker-12: Building] INFO  o.a.m.s.f.DefaultMavenResourcesFiltering - Copying 1 resource from src\main\resources to target\classes
2025-02-27 13:04:06,963 [Worker-12: Building] INFO  o.a.m.s.f.DefaultMavenResourcesFiltering - Copying 76 resources from src\main\resources to target\classes
2025-02-27 13:04:07,015 [Worker-12: Building] INFO  o.a.m.s.f.DefaultMavenResourcesFiltering - skip non existing resourceDirectory C:\Users\HP\Desktop\cars\Auto_counsel\auto_counsel\src\test\resources
2025-02-27 14:06:30,233 [Worker-22: Building] INFO  o.a.m.s.f.DefaultMavenResourcesFiltering - Copying 1 resource from src\main\resources to target\classes
2025-02-27 14:06:30,400 [Worker-22: Building] INFO  o.a.m.s.f.DefaultMavenResourcesFiltering - Copying 76 resources from src\main\resources to target\classes
2025-02-27 14:06:30,541 [Worker-22: Building] INFO  o.a.m.s.f.DefaultMavenResourcesFiltering - skip non existing resourceDirectory C:\Users\HP\Desktop\cars\Auto_counsel\auto_counsel\src\test\resources
2025-02-27 14:07:40,886 [Worker-20: Building] INFO  o.a.m.s.f.DefaultMavenResourcesFiltering - Copying 1 resource from src\main\resources to target\classes
2025-02-27 14:07:40,903 [Worker-20: Building] INFO  o.a.m.s.f.DefaultMavenResourcesFiltering - Copying 76 resources from src\main\resources to target\classes
2025-02-27 14:07:41,004 [Worker-20: Building] INFO  o.a.m.s.f.DefaultMavenResourcesFiltering - skip non existing resourceDirectory C:\Users\HP\Desktop\cars\Auto_counsel\auto_counsel\src\test\resources
2025-02-27 17:12:38,459 [Worker-26: Building] INFO  o.a.m.s.f.DefaultMavenResourcesFiltering - Copying 0 resource from src\main\resources to target\classes
2025-02-27 17:12:38,496 [Worker-26: Building] INFO  o.a.m.s.f.DefaultMavenResourcesFiltering - Copying 0 resource from src\main\resources to target\classes
2025-02-27 17:12:38,546 [Worker-26: Building] INFO  o.a.m.s.f.DefaultMavenResourcesFiltering - skip non existing resourceDirectory C:\Users\HP\Desktop\cars\Auto_counsel\auto_counsel\src\test\resources
2025-02-27 17:22:05,659 [Worker-27: Building] INFO  o.a.m.s.f.DefaultMavenResourcesFiltering - Copying 1 resource from src\main\resources to target\classes
2025-02-27 17:22:05,691 [Worker-27: Building] INFO  o.a.m.s.f.DefaultMavenResourcesFiltering - Copying 76 resources from src\main\resources to target\classes
2025-02-27 17:22:05,770 [Worker-27: Building] INFO  o.a.m.s.f.DefaultMavenResourcesFiltering - skip non existing resourceDirectory C:\Users\HP\Desktop\cars\Auto_counsel\auto_counsel\src\test\resources
2025-02-27 17:32:27,835 [Worker-27: Building] INFO  o.a.m.s.f.DefaultMavenResourcesFiltering - Copying 1 resource from src\main\resources to target\classes
2025-02-27 17:32:27,898 [Worker-27: Building] INFO  o.a.m.s.f.DefaultMavenResourcesFiltering - Copying 76 resources from src\main\resources to target\classes
2025-02-27 17:32:27,973 [Worker-27: Building] INFO  o.a.m.s.f.DefaultMavenResourcesFiltering - skip non existing resourceDirectory C:\Users\HP\Desktop\cars\Auto_counsel\auto_counsel\src\test\resources
2025-02-27 17:35:49,178 [Worker-27: Building] INFO  o.a.m.s.f.DefaultMavenResourcesFiltering - Copying 1 resource from src\main\resources to target\classes
2025-02-27 17:35:49,199 [Worker-27: Building] INFO  o.a.m.s.f.DefaultMavenResourcesFiltering - Copying 76 resources from src\main\resources to target\classes
2025-02-27 17:35:49,250 [Worker-27: Building] INFO  o.a.m.s.f.DefaultMavenResourcesFiltering - skip non existing resourceDirectory C:\Users\HP\Desktop\cars\Auto_counsel\auto_counsel\src\test\resources
2025-02-27 17:36:08,741 [Worker-25: Building] INFO  o.a.m.s.f.DefaultMavenResourcesFiltering - Copying 1 resource from src\main\resources to target\classes
2025-02-27 17:36:08,770 [Worker-25: Building] INFO  o.a.m.s.f.DefaultMavenResourcesFiltering - Copying 76 resources from src\main\resources to target\classes
2025-02-27 17:36:08,820 [Worker-25: Building] INFO  o.a.m.s.f.DefaultMavenResourcesFiltering - skip non existing resourceDirectory C:\Users\HP\Desktop\cars\Auto_counsel\auto_counsel\src\test\resources
2025-02-27 17:37:10,430 [Worker-18: Building] INFO  o.a.m.s.f.DefaultMavenResourcesFiltering - Copying 1 resource from src\main\resources to target\classes
2025-02-27 17:37:10,449 [Worker-18: Building] INFO  o.a.m.s.f.DefaultMavenResourcesFiltering - Copying 76 resources from src\main\resources to target\classes
2025-02-27 17:37:10,505 [Worker-18: Building] INFO  o.a.m.s.f.DefaultMavenResourcesFiltering - skip non existing resourceDirectory C:\Users\HP\Desktop\cars\Auto_counsel\auto_counsel\src\test\resources
2025-02-27 17:44:21,379 [Worker-19: Building] INFO  o.a.m.s.f.DefaultMavenResourcesFiltering - Copying 1 resource from src\main\resources to target\classes
2025-02-27 17:44:21,433 [Worker-19: Building] INFO  o.a.m.s.f.DefaultMavenResourcesFiltering - Copying 76 resources from src\main\resources to target\classes
2025-02-27 17:44:21,508 [Worker-19: Building] INFO  o.a.m.s.f.DefaultMavenResourcesFiltering - skip non existing resourceDirectory C:\Users\HP\Desktop\cars\Auto_counsel\auto_counsel\src\test\resources
2025-02-27 17:44:34,257 [Worker-26: Building] INFO  o.a.m.s.f.DefaultMavenResourcesFiltering - Copying 1 resource from src\main\resources to target\classes
2025-02-27 17:44:34,275 [Worker-26: Building] INFO  o.a.m.s.f.DefaultMavenResourcesFiltering - Copying 76 resources from src\main\resources to target\classes
2025-02-27 17:44:34,324 [Worker-26: Building] INFO  o.a.m.s.f.DefaultMavenResourcesFiltering - skip non existing resourceDirectory C:\Users\HP\Desktop\cars\Auto_counsel\auto_counsel\src\test\resources
2025-02-27 17:44:58,198 [Worker-25: Building] INFO  o.a.m.s.f.DefaultMavenResourcesFiltering - Copying 1 resource from src\main\resources to target\classes
2025-02-27 17:44:58,215 [Worker-25: Building] INFO  o.a.m.s.f.DefaultMavenResourcesFiltering - Copying 76 resources from src\main\resources to target\classes
2025-02-27 17:44:58,280 [Worker-25: Building] INFO  o.a.m.s.f.DefaultMavenResourcesFiltering - skip non existing resourceDirectory C:\Users\HP\Desktop\cars\Auto_counsel\auto_counsel\src\test\resources
2025-02-27 17:45:05,823 [Worker-28: Building] INFO  o.a.m.s.f.DefaultMavenResourcesFiltering - Copying 1 resource from src\main\resources to target\classes
2025-02-27 17:45:05,842 [Worker-28: Building] INFO  o.a.m.s.f.DefaultMavenResourcesFiltering - Copying 76 resources from src\main\resources to target\classes
2025-02-27 17:45:05,886 [Worker-28: Building] INFO  o.a.m.s.f.DefaultMavenResourcesFiltering - skip non existing resourceDirectory C:\Users\HP\Desktop\cars\Auto_counsel\auto_counsel\src\test\resources
2025-02-27 17:45:44,895 [Worker-18: Building] INFO  o.a.m.s.f.DefaultMavenResourcesFiltering - Copying 1 resource from src\main\resources to target\classes
2025-02-27 17:45:44,913 [Worker-18: Building] INFO  o.a.m.s.f.DefaultMavenResourcesFiltering - Copying 76 resources from src\main\resources to target\classes
2025-02-27 17:45:44,996 [Worker-18: Building] INFO  o.a.m.s.f.DefaultMavenResourcesFiltering - skip non existing resourceDirectory C:\Users\HP\Desktop\cars\Auto_counsel\auto_counsel\src\test\resources
2025-02-27 17:53:51,432 [Worker-28: Building] INFO  o.a.m.s.f.DefaultMavenResourcesFiltering - Copying 1 resource from src\main\resources to target\classes
2025-02-27 17:53:51,452 [Worker-28: Building] INFO  o.a.m.s.f.DefaultMavenResourcesFiltering - Copying 76 resources from src\main\resources to target\classes
2025-02-27 17:53:51,533 [Worker-28: Building] INFO  o.a.m.s.f.DefaultMavenResourcesFiltering - skip non existing resourceDirectory C:\Users\HP\Desktop\cars\Auto_counsel\auto_counsel\src\test\resources
2025-02-27 18:01:26,153 [Worker-18: Building] INFO  o.a.m.s.f.DefaultMavenResourcesFiltering - Copying 1 resource from src\main\resources to target\classes
2025-02-27 18:01:26,218 [Worker-18: Building] INFO  o.a.m.s.f.DefaultMavenResourcesFiltering - Copying 76 resources from src\main\resources to target\classes
2025-02-27 18:01:26,281 [Worker-18: Building] INFO  o.a.m.s.f.DefaultMavenResourcesFiltering - skip non existing resourceDirectory C:\Users\HP\Desktop\cars\Auto_counsel\auto_counsel\src\test\resources
2025-02-27 18:17:51,254 [Worker-27: Building] INFO  o.a.m.s.f.DefaultMavenResourcesFiltering - Copying 1 resource from src\main\resources to target\classes
2025-02-27 18:17:51,340 [Worker-27: Building] INFO  o.a.m.s.f.DefaultMavenResourcesFiltering - Copying 76 resources from src\main\resources to target\classes
2025-02-27 18:17:51,446 [Worker-27: Building] INFO  o.a.m.s.f.DefaultMavenResourcesFiltering - skip non existing resourceDirectory C:\Users\HP\Desktop\cars\Auto_counsel\auto_counsel\src\test\resources
2025-02-27 18:25:44,168 [Worker-27: Building] INFO  o.a.m.s.f.DefaultMavenResourcesFiltering - Copying 1 resource from src\main\resources to target\classes
2025-02-27 18:25:44,188 [Worker-27: Building] INFO  o.a.m.s.f.DefaultMavenResourcesFiltering - Copying 76 resources from src\main\resources to target\classes
2025-02-27 18:25:44,254 [Worker-27: Building] INFO  o.a.m.s.f.DefaultMavenResourcesFiltering - skip non existing resourceDirectory C:\Users\HP\Desktop\cars\Auto_counsel\auto_counsel\src\test\resources
2025-02-27 18:48:28,467 [Worker-25: Building] INFO  o.a.m.s.f.DefaultMavenResourcesFiltering - Copying 1 resource from src\main\resources to target\classes
2025-02-27 18:48:28,496 [Worker-25: Building] INFO  o.a.m.s.f.DefaultMavenResourcesFiltering - Copying 76 resources from src\main\resources to target\classes
2025-02-27 18:48:28,557 [Worker-25: Building] INFO  o.a.m.s.f.DefaultMavenResourcesFiltering - skip non existing resourceDirectory C:\Users\HP\Desktop\cars\Auto_counsel\auto_counsel\src\test\resources
2025-02-27 18:55:17,169 [Worker-25: Building] INFO  o.a.m.s.f.DefaultMavenResourcesFiltering - Copying 1 resource from src\main\resources to target\classes
2025-02-27 18:55:17,203 [Worker-25: Building] INFO  o.a.m.s.f.DefaultMavenResourcesFiltering - Copying 76 resources from src\main\resources to target\classes
2025-02-27 18:55:17,256 [Worker-25: Building] INFO  o.a.m.s.f.DefaultMavenResourcesFiltering - skip non existing resourceDirectory C:\Users\HP\Desktop\cars\Auto_counsel\auto_counsel\src\test\resources
2025-02-27 18:55:30,796 [Worker-27: Building] INFO  o.a.m.s.f.DefaultMavenResourcesFiltering - Copying 1 resource from src\main\resources to target\classes
2025-02-27 18:55:30,838 [Worker-27: Building] INFO  o.a.m.s.f.DefaultMavenResourcesFiltering - Copying 76 resources from src\main\resources to target\classes
2025-02-27 18:55:30,893 [Worker-27: Building] INFO  o.a.m.s.f.DefaultMavenResourcesFiltering - skip non existing resourceDirectory C:\Users\HP\Desktop\cars\Auto_counsel\auto_counsel\src\test\resources
2025-02-27 18:57:44,404 [Worker-30: Building] INFO  o.a.m.s.f.DefaultMavenResourcesFiltering - Copying 1 resource from src\main\resources to target\classes
2025-02-27 18:57:44,455 [Worker-30: Building] INFO  o.a.m.s.f.DefaultMavenResourcesFiltering - Copying 76 resources from src\main\resources to target\classes
2025-02-27 18:57:44,515 [Worker-30: Building] INFO  o.a.m.s.f.DefaultMavenResourcesFiltering - skip non existing resourceDirectory C:\Users\HP\Desktop\cars\Auto_counsel\auto_counsel\src\test\resources
2025-02-27 19:01:07,721 [Worker-22: Building] INFO  o.a.m.s.f.DefaultMavenResourcesFiltering - Copying 1 resource from src\main\resources to target\classes
2025-02-27 19:01:07,748 [Worker-22: Building] INFO  o.a.m.s.f.DefaultMavenResourcesFiltering - Copying 76 resources from src\main\resources to target\classes
2025-02-27 19:01:07,800 [Worker-22: Building] INFO  o.a.m.s.f.DefaultMavenResourcesFiltering - skip non existing resourceDirectory C:\Users\HP\Desktop\cars\Auto_counsel\auto_counsel\src\test\resources
2025-02-28 13:22:27,195 [Worker-37: Building] INFO  o.a.m.s.f.DefaultMavenResourcesFiltering - Copying 1 resource from src\main\resources to target\classes
2025-02-28 13:22:27,228 [Worker-37: Building] INFO  o.a.m.s.f.DefaultMavenResourcesFiltering - Copying 76 resources from src\main\resources to target\classes
2025-02-28 13:22:27,270 [Worker-37: Building] INFO  o.a.m.s.f.DefaultMavenResourcesFiltering - skip non existing resourceDirectory C:\Users\HP\Desktop\cars\Auto_counsel\auto_counsel\src\test\resources
2025-02-28 13:22:52,129 [Worker-39: Building] INFO  o.a.m.s.f.DefaultMavenResourcesFiltering - Copying 1 resource from src\main\resources to target\classes
2025-02-28 13:22:52,146 [Worker-39: Building] INFO  o.a.m.s.f.DefaultMavenResourcesFiltering - Copying 76 resources from src\main\resources to target\classes
2025-02-28 13:22:52,195 [Worker-39: Building] INFO  o.a.m.s.f.DefaultMavenResourcesFiltering - skip non existing resourceDirectory C:\Users\HP\Desktop\cars\Auto_counsel\auto_counsel\src\test\resources
2025-02-28 13:31:37,630 [Worker-39: Building] INFO  o.a.m.s.f.DefaultMavenResourcesFiltering - Copying 1 resource from src\main\resources to target\classes
2025-02-28 13:31:37,665 [Worker-39: Building] INFO  o.a.m.s.f.DefaultMavenResourcesFiltering - Copying 76 resources from src\main\resources to target\classes
2025-02-28 13:31:37,719 [Worker-39: Building] INFO  o.a.m.s.f.DefaultMavenResourcesFiltering - skip non existing resourceDirectory C:\Users\HP\Desktop\cars\Auto_counsel\auto_counsel\src\test\resources
2025-02-28 13:31:59,859 [Worker-39: Building] INFO  o.a.m.s.f.DefaultMavenResourcesFiltering - Copying 1 resource from src\main\resources to target\classes
2025-02-28 13:31:59,875 [Worker-39: Building] INFO  o.a.m.s.f.DefaultMavenResourcesFiltering - Copying 76 resources from src\main\resources to target\classes
2025-02-28 13:31:59,934 [Worker-39: Building] INFO  o.a.m.s.f.DefaultMavenResourcesFiltering - skip non existing resourceDirectory C:\Users\HP\Desktop\cars\Auto_counsel\auto_counsel\src\test\resources
2025-02-28 13:32:27,165 [Worker-37: Building] INFO  o.a.m.s.f.DefaultMavenResourcesFiltering - Copying 1 resource from src\main\resources to target\classes
2025-02-28 13:32:27,184 [Worker-37: Building] INFO  o.a.m.s.f.DefaultMavenResourcesFiltering - Copying 76 resources from src\main\resources to target\classes
2025-02-28 13:32:27,238 [Worker-37: Building] INFO  o.a.m.s.f.DefaultMavenResourcesFiltering - skip non existing resourceDirectory C:\Users\HP\Desktop\cars\Auto_counsel\auto_counsel\src\test\resources
2025-02-28 14:48:53,559 [Worker-36: Building] INFO  o.a.m.s.f.DefaultMavenResourcesFiltering - Copying 1 resource from src\main\resources to target\classes
2025-02-28 14:48:53,729 [Worker-36: Building] INFO  o.a.m.s.f.DefaultMavenResourcesFiltering - Copying 76 resources from src\main\resources to target\classes
2025-02-28 14:48:53,780 [Worker-36: Building] INFO  o.a.m.s.f.DefaultMavenResourcesFiltering - skip non existing resourceDirectory C:\Users\HP\Desktop\cars\Auto_counsel\auto_counsel\src\test\resources
2025-02-28 16:11:26,225 [Worker-36: Building] INFO  o.a.m.s.f.DefaultMavenResourcesFiltering - Copying 1 resource from src\main\resources to target\classes
2025-02-28 16:11:26,356 [Worker-36: Building] INFO  o.a.m.s.f.DefaultMavenResourcesFiltering - Copying 76 resources from src\main\resources to target\classes
2025-02-28 16:11:26,407 [Worker-36: Building] INFO  o.a.m.s.f.DefaultMavenResourcesFiltering - skip non existing resourceDirectory C:\Users\HP\Desktop\cars\Auto_counsel\auto_counsel\src\test\resources
2025-02-28 16:13:19,147 [Worker-41: Building] INFO  o.a.m.s.f.DefaultMavenResourcesFiltering - Copying 1 resource from src\main\resources to target\classes
2025-02-28 16:13:19,167 [Worker-41: Building] INFO  o.a.m.s.f.DefaultMavenResourcesFiltering - Copying 76 resources from src\main\resources to target\classes
2025-02-28 16:13:19,226 [Worker-41: Building] INFO  o.a.m.s.f.DefaultMavenResourcesFiltering - skip non existing resourceDirectory C:\Users\HP\Desktop\cars\Auto_counsel\auto_counsel\src\test\resources
2025-02-28 16:13:24,538 [Worker-33: Building] INFO  o.a.m.s.f.DefaultMavenResourcesFiltering - Copying 1 resource from src\main\resources to target\classes
2025-02-28 16:13:24,607 [Worker-33: Building] INFO  o.a.m.s.f.DefaultMavenResourcesFiltering - Copying 76 resources from src\main\resources to target\classes
2025-02-28 16:13:24,679 [Worker-33: Building] INFO  o.a.m.s.f.DefaultMavenResourcesFiltering - skip non existing resourceDirectory C:\Users\HP\Desktop\cars\Auto_counsel\auto_counsel\src\test\resources
2025-02-28 16:19:05,886 [Worker-19: Building] INFO  o.a.m.s.f.DefaultMavenResourcesFiltering - Copying 1 resource from src\main\resources to target\classes
2025-02-28 16:19:05,902 [Worker-19: Building] INFO  o.a.m.s.f.DefaultMavenResourcesFiltering - Copying 76 resources from src\main\resources to target\classes
2025-02-28 16:19:05,958 [Worker-19: Building] INFO  o.a.m.s.f.DefaultMavenResourcesFiltering - skip non existing resourceDirectory C:\Users\HP\Desktop\cars\Auto_counsel\auto_counsel\src\test\resources
2025-02-28 16:24:45,934 [Worker-36: Building] INFO  o.a.m.s.f.DefaultMavenResourcesFiltering - Copying 1 resource from src\main\resources to target\classes
2025-02-28 16:24:45,950 [Worker-36: Building] INFO  o.a.m.s.f.DefaultMavenResourcesFiltering - Copying 76 resources from src\main\resources to target\classes
2025-02-28 16:24:45,996 [Worker-36: Building] INFO  o.a.m.s.f.DefaultMavenResourcesFiltering - skip non existing resourceDirectory C:\Users\HP\Desktop\cars\Auto_counsel\auto_counsel\src\test\resources
2025-02-28 16:24:49,595 [Worker-41: Building] INFO  o.a.m.s.f.DefaultMavenResourcesFiltering - Copying 1 resource from src\main\resources to target\classes
2025-02-28 16:24:49,611 [Worker-41: Building] INFO  o.a.m.s.f.DefaultMavenResourcesFiltering - Copying 76 resources from src\main\resources to target\classes
2025-02-28 16:24:49,663 [Worker-41: Building] INFO  o.a.m.s.f.DefaultMavenResourcesFiltering - skip non existing resourceDirectory C:\Users\HP\Desktop\cars\Auto_counsel\auto_counsel\src\test\resources
2025-02-28 16:26:08,436 [Worker-33: Building] INFO  o.a.m.s.f.DefaultMavenResourcesFiltering - Copying 1 resource from src\main\resources to target\classes
2025-02-28 16:26:08,452 [Worker-33: Building] INFO  o.a.m.s.f.DefaultMavenResourcesFiltering - Copying 76 resources from src\main\resources to target\classes
2025-02-28 16:26:08,489 [Worker-33: Building] INFO  o.a.m.s.f.DefaultMavenResourcesFiltering - skip non existing resourceDirectory C:\Users\HP\Desktop\cars\Auto_counsel\auto_counsel\src\test\resources
2025-02-28 16:27:01,260 [Worker-38: Building] INFO  o.a.m.s.f.DefaultMavenResourcesFiltering - Copying 1 resource from src\main\resources to target\classes
2025-02-28 16:27:01,281 [Worker-38: Building] INFO  o.a.m.s.f.DefaultMavenResourcesFiltering - Copying 76 resources from src\main\resources to target\classes
2025-02-28 16:27:01,322 [Worker-38: Building] INFO  o.a.m.s.f.DefaultMavenResourcesFiltering - skip non existing resourceDirectory C:\Users\HP\Desktop\cars\Auto_counsel\auto_counsel\src\test\resources
2025-02-28 16:27:37,576 [Worker-37: Building] INFO  o.a.m.s.f.DefaultMavenResourcesFiltering - Copying 1 resource from src\main\resources to target\classes
2025-02-28 16:27:37,610 [Worker-37: Building] INFO  o.a.m.s.f.DefaultMavenResourcesFiltering - Copying 76 resources from src\main\resources to target\classes
2025-02-28 16:27:37,656 [Worker-37: Building] INFO  o.a.m.s.f.DefaultMavenResourcesFiltering - skip non existing resourceDirectory C:\Users\HP\Desktop\cars\Auto_counsel\auto_counsel\src\test\resources
2025-02-28 16:28:32,669 [Worker-36: Building] INFO  o.a.m.s.f.DefaultMavenResourcesFiltering - Copying 1 resource from src\main\resources to target\classes
2025-02-28 16:28:32,687 [Worker-36: Building] INFO  o.a.m.s.f.DefaultMavenResourcesFiltering - Copying 76 resources from src\main\resources to target\classes
2025-02-28 16:28:32,737 [Worker-36: Building] INFO  o.a.m.s.f.DefaultMavenResourcesFiltering - skip non existing resourceDirectory C:\Users\HP\Desktop\cars\Auto_counsel\auto_counsel\src\test\resources
2025-02-28 16:28:54,404 [Worker-36: Building] INFO  o.a.m.s.f.DefaultMavenResourcesFiltering - Copying 1 resource from src\main\resources to target\classes
2025-02-28 16:28:54,422 [Worker-36: Building] INFO  o.a.m.s.f.DefaultMavenResourcesFiltering - Copying 76 resources from src\main\resources to target\classes
2025-02-28 16:28:54,466 [Worker-36: Building] INFO  o.a.m.s.f.DefaultMavenResourcesFiltering - skip non existing resourceDirectory C:\Users\HP\Desktop\cars\Auto_counsel\auto_counsel\src\test\resources
2025-02-28 16:30:04,130 [Worker-19: Building] INFO  o.a.m.s.f.DefaultMavenResourcesFiltering - Copying 1 resource from src\main\resources to target\classes
2025-02-28 16:30:04,146 [Worker-19: Building] INFO  o.a.m.s.f.DefaultMavenResourcesFiltering - Copying 76 resources from src\main\resources to target\classes
2025-02-28 16:30:04,219 [Worker-19: Building] INFO  o.a.m.s.f.DefaultMavenResourcesFiltering - skip non existing resourceDirectory C:\Users\HP\Desktop\cars\Auto_counsel\auto_counsel\src\test\resources
2025-02-28 16:31:32,166 [Worker-33: Building] INFO  o.a.m.s.f.DefaultMavenResourcesFiltering - Copying 1 resource from src\main\resources to target\classes
2025-02-28 16:31:32,179 [Worker-33: Building] INFO  o.a.m.s.f.DefaultMavenResourcesFiltering - Copying 76 resources from src\main\resources to target\classes
2025-02-28 16:31:32,212 [Worker-33: Building] INFO  o.a.m.s.f.DefaultMavenResourcesFiltering - skip non existing resourceDirectory C:\Users\HP\Desktop\cars\Auto_counsel\auto_counsel\src\test\resources
2025-02-28 16:31:48,372 [Worker-33: Building] INFO  o.a.m.s.f.DefaultMavenResourcesFiltering - Copying 1 resource from src\main\resources to target\classes
2025-02-28 16:31:48,411 [Worker-33: Building] INFO  o.a.m.s.f.DefaultMavenResourcesFiltering - Copying 76 resources from src\main\resources to target\classes
2025-02-28 16:31:48,460 [Worker-33: Building] INFO  o.a.m.s.f.DefaultMavenResourcesFiltering - skip non existing resourceDirectory C:\Users\HP\Desktop\cars\Auto_counsel\auto_counsel\src\test\resources
2025-02-28 16:32:00,922 [Worker-36: Building] INFO  o.a.m.s.f.DefaultMavenResourcesFiltering - Copying 1 resource from src\main\resources to target\classes
2025-02-28 16:32:01,018 [Worker-36: Building] INFO  o.a.m.s.f.DefaultMavenResourcesFiltering - Copying 76 resources from src\main\resources to target\classes
2025-02-28 16:32:01,071 [Worker-36: Building] INFO  o.a.m.s.f.DefaultMavenResourcesFiltering - skip non existing resourceDirectory C:\Users\HP\Desktop\cars\Auto_counsel\auto_counsel\src\test\resources
2025-02-28 16:33:24,862 [Worker-39: Building] INFO  o.a.m.s.f.DefaultMavenResourcesFiltering - Copying 1 resource from src\main\resources to target\classes
2025-02-28 16:33:24,879 [Worker-39: Building] INFO  o.a.m.s.f.DefaultMavenResourcesFiltering - Copying 76 resources from src\main\resources to target\classes
2025-02-28 16:33:24,935 [Worker-39: Building] INFO  o.a.m.s.f.DefaultMavenResourcesFiltering - skip non existing resourceDirectory C:\Users\HP\Desktop\cars\Auto_counsel\auto_counsel\src\test\resources
2025-02-28 16:34:36,064 [Worker-39: Building] INFO  o.a.m.s.f.DefaultMavenResourcesFiltering - Copying 1 resource from src\main\resources to target\classes
2025-02-28 16:34:36,102 [Worker-39: Building] INFO  o.a.m.s.f.DefaultMavenResourcesFiltering - Copying 76 resources from src\main\resources to target\classes
2025-02-28 16:34:36,148 [Worker-39: Building] INFO  o.a.m.s.f.DefaultMavenResourcesFiltering - skip non existing resourceDirectory C:\Users\HP\Desktop\cars\Auto_counsel\auto_counsel\src\test\resources
2025-02-28 16:36:51,592 [Worker-19: Building] INFO  o.a.m.s.f.DefaultMavenResourcesFiltering - Copying 1 resource from src\main\resources to target\classes
2025-02-28 16:36:51,624 [Worker-19: Building] INFO  o.a.m.s.f.DefaultMavenResourcesFiltering - Copying 76 resources from src\main\resources to target\classes
2025-02-28 16:36:51,675 [Worker-19: Building] INFO  o.a.m.s.f.DefaultMavenResourcesFiltering - skip non existing resourceDirectory C:\Users\HP\Desktop\cars\Auto_counsel\auto_counsel\src\test\resources
2025-02-28 16:38:06,855 [Worker-42: Building] INFO  o.a.m.s.f.DefaultMavenResourcesFiltering - Copying 1 resource from src\main\resources to target\classes
2025-02-28 16:38:06,877 [Worker-42: Building] INFO  o.a.m.s.f.DefaultMavenResourcesFiltering - Copying 76 resources from src\main\resources to target\classes
2025-02-28 16:38:06,930 [Worker-42: Building] INFO  o.a.m.s.f.DefaultMavenResourcesFiltering - skip non existing resourceDirectory C:\Users\HP\Desktop\cars\Auto_counsel\auto_counsel\src\test\resources
2025-02-28 16:39:30,766 [Worker-40: Building] INFO  o.a.m.s.f.DefaultMavenResourcesFiltering - Copying 1 resource from src\main\resources to target\classes
2025-02-28 16:39:30,785 [Worker-40: Building] INFO  o.a.m.s.f.DefaultMavenResourcesFiltering - Copying 76 resources from src\main\resources to target\classes
2025-02-28 16:39:30,836 [Worker-40: Building] INFO  o.a.m.s.f.DefaultMavenResourcesFiltering - skip non existing resourceDirectory C:\Users\HP\Desktop\cars\Auto_counsel\auto_counsel\src\test\resources
2025-02-28 16:40:16,476 [Worker-38: Building] INFO  o.a.m.s.f.DefaultMavenResourcesFiltering - Copying 1 resource from src\main\resources to target\classes
2025-02-28 16:40:16,492 [Worker-38: Building] INFO  o.a.m.s.f.DefaultMavenResourcesFiltering - Copying 76 resources from src\main\resources to target\classes
2025-02-28 16:40:16,539 [Worker-38: Building] INFO  o.a.m.s.f.DefaultMavenResourcesFiltering - skip non existing resourceDirectory C:\Users\HP\Desktop\cars\Auto_counsel\auto_counsel\src\test\resources
2025-02-28 16:43:46,315 [Worker-41: Building] INFO  o.a.m.s.f.DefaultMavenResourcesFiltering - Copying 1 resource from src\main\resources to target\classes
2025-02-28 16:43:46,334 [Worker-41: Building] INFO  o.a.m.s.f.DefaultMavenResourcesFiltering - Copying 76 resources from src\main\resources to target\classes
2025-02-28 16:43:46,377 [Worker-41: Building] INFO  o.a.m.s.f.DefaultMavenResourcesFiltering - skip non existing resourceDirectory C:\Users\HP\Desktop\cars\Auto_counsel\auto_counsel\src\test\resources
2025-02-28 16:49:29,715 [Worker-41: Building] INFO  o.a.m.s.f.DefaultMavenResourcesFiltering - Copying 1 resource from src\main\resources to target\classes
2025-02-28 16:49:29,736 [Worker-41: Building] INFO  o.a.m.s.f.DefaultMavenResourcesFiltering - Copying 76 resources from src\main\resources to target\classes
2025-02-28 16:49:29,784 [Worker-41: Building] INFO  o.a.m.s.f.DefaultMavenResourcesFiltering - skip non existing resourceDirectory C:\Users\HP\Desktop\cars\Auto_counsel\auto_counsel\src\test\resources
2025-02-28 16:49:57,217 [Worker-36: Building] INFO  o.a.m.s.f.DefaultMavenResourcesFiltering - Copying 1 resource from src\main\resources to target\classes
2025-02-28 16:49:57,237 [Worker-36: Building] INFO  o.a.m.s.f.DefaultMavenResourcesFiltering - Copying 76 resources from src\main\resources to target\classes
2025-02-28 16:49:57,288 [Worker-36: Building] INFO  o.a.m.s.f.DefaultMavenResourcesFiltering - skip non existing resourceDirectory C:\Users\HP\Desktop\cars\Auto_counsel\auto_counsel\src\test\resources
2025-02-28 16:54:44,816 [Worker-39: Building] INFO  o.a.m.s.f.DefaultMavenResourcesFiltering - Copying 1 resource from src\main\resources to target\classes
2025-02-28 16:54:44,835 [Worker-39: Building] INFO  o.a.m.s.f.DefaultMavenResourcesFiltering - Copying 76 resources from src\main\resources to target\classes
2025-02-28 16:54:44,883 [Worker-39: Building] INFO  o.a.m.s.f.DefaultMavenResourcesFiltering - skip non existing resourceDirectory C:\Users\HP\Desktop\cars\Auto_counsel\auto_counsel\src\test\resources
2025-02-28 16:55:29,690 [Worker-42: Building] INFO  o.a.m.s.f.DefaultMavenResourcesFiltering - Copying 1 resource from src\main\resources to target\classes
2025-02-28 16:55:29,724 [Worker-42: Building] INFO  o.a.m.s.f.DefaultMavenResourcesFiltering - Copying 76 resources from src\main\resources to target\classes
2025-02-28 16:55:29,771 [Worker-42: Building] INFO  o.a.m.s.f.DefaultMavenResourcesFiltering - skip non existing resourceDirectory C:\Users\HP\Desktop\cars\Auto_counsel\auto_counsel\src\test\resources
2025-02-28 16:56:42,322 [Worker-19: Building] INFO  o.a.m.s.f.DefaultMavenResourcesFiltering - Copying 1 resource from src\main\resources to target\classes
2025-02-28 16:56:42,355 [Worker-19: Building] INFO  o.a.m.s.f.DefaultMavenResourcesFiltering - Copying 76 resources from src\main\resources to target\classes
2025-02-28 16:56:42,401 [Worker-19: Building] INFO  o.a.m.s.f.DefaultMavenResourcesFiltering - skip non existing resourceDirectory C:\Users\HP\Desktop\cars\Auto_counsel\auto_counsel\src\test\resources
2025-02-28 17:06:10,609 [Worker-41: Building] INFO  o.a.m.s.f.DefaultMavenResourcesFiltering - Copying 1 resource from src\main\resources to target\classes
2025-02-28 17:06:10,699 [Worker-41: Building] INFO  o.a.m.s.f.DefaultMavenResourcesFiltering - Copying 76 resources from src\main\resources to target\classes
2025-02-28 17:06:10,741 [Worker-41: Building] INFO  o.a.m.s.f.DefaultMavenResourcesFiltering - skip non existing resourceDirectory C:\Users\HP\Desktop\cars\Auto_counsel\auto_counsel\src\test\resources
2025-02-28 17:08:06,025 [Worker-40: Building] INFO  o.a.m.s.f.DefaultMavenResourcesFiltering - Copying 1 resource from src\main\resources to target\classes
2025-02-28 17:08:06,042 [Worker-40: Building] INFO  o.a.m.s.f.DefaultMavenResourcesFiltering - Copying 76 resources from src\main\resources to target\classes
2025-02-28 17:08:06,086 [Worker-40: Building] INFO  o.a.m.s.f.DefaultMavenResourcesFiltering - skip non existing resourceDirectory C:\Users\HP\Desktop\cars\Auto_counsel\auto_counsel\src\test\resources
2025-02-28 17:09:06,923 [Worker-43: Building] INFO  o.a.m.s.f.DefaultMavenResourcesFiltering - Copying 1 resource from src\main\resources to target\classes
2025-02-28 17:09:06,962 [Worker-43: Building] INFO  o.a.m.s.f.DefaultMavenResourcesFiltering - Copying 76 resources from src\main\resources to target\classes
2025-02-28 17:09:07,006 [Worker-43: Building] INFO  o.a.m.s.f.DefaultMavenResourcesFiltering - skip non existing resourceDirectory C:\Users\HP\Desktop\cars\Auto_counsel\auto_counsel\src\test\resources
2025-02-28 17:09:20,043 [Worker-36: Building] INFO  o.a.m.s.f.DefaultMavenResourcesFiltering - Copying 1 resource from src\main\resources to target\classes
2025-02-28 17:09:20,056 [Worker-36: Building] INFO  o.a.m.s.f.DefaultMavenResourcesFiltering - Copying 76 resources from src\main\resources to target\classes
2025-02-28 17:09:20,098 [Worker-36: Building] INFO  o.a.m.s.f.DefaultMavenResourcesFiltering - skip non existing resourceDirectory C:\Users\HP\Desktop\cars\Auto_counsel\auto_counsel\src\test\resources
2025-02-28 17:18:18,874 [Worker-37: Building] INFO  o.a.m.s.f.DefaultMavenResourcesFiltering - Copying 1 resource from src\main\resources to target\classes
2025-02-28 17:18:18,904 [Worker-37: Building] INFO  o.a.m.s.f.DefaultMavenResourcesFiltering - Copying 76 resources from src\main\resources to target\classes
2025-02-28 17:18:18,947 [Worker-37: Building] INFO  o.a.m.s.f.DefaultMavenResourcesFiltering - skip non existing resourceDirectory C:\Users\HP\Desktop\cars\Auto_counsel\auto_counsel\src\test\resources
2025-02-28 17:30:45,026 [Worker-25: Building] INFO  o.a.m.s.f.DefaultMavenResourcesFiltering - Copying 0 resource from src\main\resources to target\classes
2025-02-28 17:30:45,046 [Worker-25: Building] INFO  o.a.m.s.f.DefaultMavenResourcesFiltering - Copying 0 resource from src\main\resources to target\classes
2025-02-28 17:30:45,050 [Worker-25: Building] INFO  o.a.m.s.f.DefaultMavenResourcesFiltering - skip non existing resourceDirectory C:\Users\HP\Desktop\cars\Auto_counsel\auto_counsel\src\test\resources
2025-02-28 17:40:36,301 [Worker-25: Building] INFO  o.a.m.s.f.DefaultMavenResourcesFiltering - Copying 1 resource from src\main\resources to target\classes
2025-02-28 17:40:36,326 [Worker-25: Building] INFO  o.a.m.s.f.DefaultMavenResourcesFiltering - Copying 76 resources from src\main\resources to target\classes
2025-02-28 17:40:36,358 [Worker-25: Building] INFO  o.a.m.s.f.DefaultMavenResourcesFiltering - skip non existing resourceDirectory C:\Users\HP\Desktop\cars\Auto_counsel\auto_counsel\src\test\resources
2025-02-28 17:40:58,486 [Worker-37: Building] INFO  o.a.m.s.f.DefaultMavenResourcesFiltering - Copying 1 resource from src\main\resources to target\classes
2025-02-28 17:40:58,503 [Worker-37: Building] INFO  o.a.m.s.f.DefaultMavenResourcesFiltering - Copying 76 resources from src\main\resources to target\classes
2025-02-28 17:40:58,537 [Worker-37: Building] INFO  o.a.m.s.f.DefaultMavenResourcesFiltering - skip non existing resourceDirectory C:\Users\HP\Desktop\cars\Auto_counsel\auto_counsel\src\test\resources
2025-02-28 17:41:13,431 [Worker-42: Building] INFO  o.a.m.s.f.DefaultMavenResourcesFiltering - Copying 1 resource from src\main\resources to target\classes
2025-02-28 17:41:13,467 [Worker-42: Building] INFO  o.a.m.s.f.DefaultMavenResourcesFiltering - Copying 76 resources from src\main\resources to target\classes
2025-02-28 17:41:13,504 [Worker-42: Building] INFO  o.a.m.s.f.DefaultMavenResourcesFiltering - skip non existing resourceDirectory C:\Users\HP\Desktop\cars\Auto_counsel\auto_counsel\src\test\resources
2025-02-28 17:41:47,684 [Worker-39: Building] INFO  o.a.m.s.f.DefaultMavenResourcesFiltering - Copying 1 resource from src\main\resources to target\classes
2025-02-28 17:41:47,705 [Worker-39: Building] INFO  o.a.m.s.f.DefaultMavenResourcesFiltering - Copying 76 resources from src\main\resources to target\classes
2025-02-28 17:41:47,742 [Worker-39: Building] INFO  o.a.m.s.f.DefaultMavenResourcesFiltering - skip non existing resourceDirectory C:\Users\HP\Desktop\cars\Auto_counsel\auto_counsel\src\test\resources
2025-03-03 12:12:59,454 [Worker-2: Loading available Gradle versions] INFO  o.e.b.c.i.u.g.PublishedGradleVersions - Gradle version information cache is out-of-date. Trying to update.
2025-03-03 12:48:29,471 [Worker-15: Building] INFO  o.a.m.s.f.DefaultMavenResourcesFiltering - Copying 1 resource from src\main\resources to target\classes
2025-03-03 12:48:29,588 [Worker-15: Building] INFO  o.a.m.s.f.DefaultMavenResourcesFiltering - Copying 76 resources from src\main\resources to target\classes
2025-03-03 12:48:29,741 [Worker-15: Building] INFO  o.a.m.s.f.DefaultMavenResourcesFiltering - skip non existing resourceDirectory C:\Users\HP\Desktop\cars\Auto_counsel\auto_counsel\src\test\resources
2025-03-03 12:49:04,427 [Worker-20: Building] INFO  o.a.m.s.f.DefaultMavenResourcesFiltering - Copying 1 resource from src\main\resources to target\classes
2025-03-03 12:49:04,492 [Worker-20: Building] INFO  o.a.m.s.f.DefaultMavenResourcesFiltering - Copying 76 resources from src\main\resources to target\classes
2025-03-03 12:49:04,554 [Worker-20: Building] INFO  o.a.m.s.f.DefaultMavenResourcesFiltering - skip non existing resourceDirectory C:\Users\HP\Desktop\cars\Auto_counsel\auto_counsel\src\test\resources
2025-03-03 12:49:25,203 [Worker-20: Building] INFO  o.a.m.s.f.DefaultMavenResourcesFiltering - Copying 1 resource from src\main\resources to target\classes
2025-03-03 12:49:25,251 [Worker-20: Building] INFO  o.a.m.s.f.DefaultMavenResourcesFiltering - Copying 76 resources from src\main\resources to target\classes
2025-03-03 12:49:25,303 [Worker-20: Building] INFO  o.a.m.s.f.DefaultMavenResourcesFiltering - skip non existing resourceDirectory C:\Users\HP\Desktop\cars\Auto_counsel\auto_counsel\src\test\resources
2025-03-03 12:52:52,216 [Worker-21: Building] INFO  o.a.m.s.f.DefaultMavenResourcesFiltering - Copying 1 resource from src\main\resources to target\classes
2025-03-03 12:52:52,241 [Worker-21: Building] INFO  o.a.m.s.f.DefaultMavenResourcesFiltering - Copying 76 resources from src\main\resources to target\classes
2025-03-03 12:52:52,336 [Worker-21: Building] INFO  o.a.m.s.f.DefaultMavenResourcesFiltering - skip non existing resourceDirectory C:\Users\HP\Desktop\cars\Auto_counsel\auto_counsel\src\test\resources
2025-03-03 12:53:20,553 [Worker-18: Building] INFO  o.a.m.s.f.DefaultMavenResourcesFiltering - Copying 1 resource from src\main\resources to target\classes
2025-03-03 12:53:20,573 [Worker-18: Building] INFO  o.a.m.s.f.DefaultMavenResourcesFiltering - Copying 76 resources from src\main\resources to target\classes
2025-03-03 12:53:20,621 [Worker-18: Building] INFO  o.a.m.s.f.DefaultMavenResourcesFiltering - skip non existing resourceDirectory C:\Users\HP\Desktop\cars\Auto_counsel\auto_counsel\src\test\resources
2025-03-03 12:54:02,177 [Worker-20: Building] INFO  o.a.m.s.f.DefaultMavenResourcesFiltering - Copying 1 resource from src\main\resources to target\classes
2025-03-03 12:54:02,201 [Worker-20: Building] INFO  o.a.m.s.f.DefaultMavenResourcesFiltering - Copying 76 resources from src\main\resources to target\classes
2025-03-03 12:54:02,247 [Worker-20: Building] INFO  o.a.m.s.f.DefaultMavenResourcesFiltering - skip non existing resourceDirectory C:\Users\HP\Desktop\cars\Auto_counsel\auto_counsel\src\test\resources
2025-03-03 13:04:40,418 [Worker-16: Building] INFO  o.a.m.s.f.DefaultMavenResourcesFiltering - Copying 1 resource from src\main\resources to target\classes
2025-03-03 13:04:40,444 [Worker-16: Building] INFO  o.a.m.s.f.DefaultMavenResourcesFiltering - Copying 76 resources from src\main\resources to target\classes
2025-03-03 13:04:40,493 [Worker-16: Building] INFO  o.a.m.s.f.DefaultMavenResourcesFiltering - skip non existing resourceDirectory C:\Users\HP\Desktop\cars\Auto_counsel\auto_counsel\src\test\resources
2025-03-03 13:05:06,943 [Worker-14: Building] INFO  o.a.m.s.f.DefaultMavenResourcesFiltering - Copying 1 resource from src\main\resources to target\classes
2025-03-03 13:05:06,958 [Worker-14: Building] INFO  o.a.m.s.f.DefaultMavenResourcesFiltering - Copying 76 resources from src\main\resources to target\classes
2025-03-03 13:05:06,996 [Worker-14: Building] INFO  o.a.m.s.f.DefaultMavenResourcesFiltering - skip non existing resourceDirectory C:\Users\HP\Desktop\cars\Auto_counsel\auto_counsel\src\test\resources
2025-03-03 13:07:44,511 [Worker-18: Building] INFO  o.a.m.s.f.DefaultMavenResourcesFiltering - Copying 1 resource from src\main\resources to target\classes
2025-03-03 13:07:44,536 [Worker-18: Building] INFO  o.a.m.s.f.DefaultMavenResourcesFiltering - Copying 76 resources from src\main\resources to target\classes
2025-03-03 13:07:44,585 [Worker-18: Building] INFO  o.a.m.s.f.DefaultMavenResourcesFiltering - skip non existing resourceDirectory C:\Users\HP\Desktop\cars\Auto_counsel\auto_counsel\src\test\resources
2025-03-03 13:21:51,536 [Worker-21: Building] INFO  o.a.m.s.f.DefaultMavenResourcesFiltering - Copying 1 resource from src\main\resources to target\classes
2025-03-03 13:21:51,554 [Worker-21: Building] INFO  o.a.m.s.f.DefaultMavenResourcesFiltering - Copying 76 resources from src\main\resources to target\classes
2025-03-03 13:21:51,601 [Worker-21: Building] INFO  o.a.m.s.f.DefaultMavenResourcesFiltering - skip non existing resourceDirectory C:\Users\HP\Desktop\cars\Auto_counsel\auto_counsel\src\test\resources
2025-03-03 13:23:24,277 [Worker-15: Building] INFO  o.a.m.s.f.DefaultMavenResourcesFiltering - Copying 1 resource from src\main\resources to target\classes
2025-03-03 13:23:24,291 [Worker-15: Building] INFO  o.a.m.s.f.DefaultMavenResourcesFiltering - Copying 76 resources from src\main\resources to target\classes
2025-03-03 13:23:24,328 [Worker-15: Building] INFO  o.a.m.s.f.DefaultMavenResourcesFiltering - skip non existing resourceDirectory C:\Users\HP\Desktop\cars\Auto_counsel\auto_counsel\src\test\resources
2025-03-03 13:23:35,236 [Worker-21: Building] INFO  o.a.m.s.f.DefaultMavenResourcesFiltering - Copying 1 resource from src\main\resources to target\classes
2025-03-03 13:23:35,255 [Worker-21: Building] INFO  o.a.m.s.f.DefaultMavenResourcesFiltering - Copying 76 resources from src\main\resources to target\classes
2025-03-03 13:23:35,312 [Worker-21: Building] INFO  o.a.m.s.f.DefaultMavenResourcesFiltering - skip non existing resourceDirectory C:\Users\HP\Desktop\cars\Auto_counsel\auto_counsel\src\test\resources
2025-03-03 13:24:44,060 [Worker-19: Building] INFO  o.a.m.s.f.DefaultMavenResourcesFiltering - Copying 1 resource from src\main\resources to target\classes
2025-03-03 13:24:44,119 [Worker-19: Building] INFO  o.a.m.s.f.DefaultMavenResourcesFiltering - Copying 76 resources from src\main\resources to target\classes
2025-03-03 13:24:44,280 [Worker-19: Building] INFO  o.a.m.s.f.DefaultMavenResourcesFiltering - skip non existing resourceDirectory C:\Users\HP\Desktop\cars\Auto_counsel\auto_counsel\src\test\resources
2025-03-03 13:26:35,853 [Worker-21: Building] INFO  o.a.m.s.f.DefaultMavenResourcesFiltering - Copying 1 resource from src\main\resources to target\classes
2025-03-03 13:26:35,864 [Worker-21: Building] INFO  o.a.m.s.f.DefaultMavenResourcesFiltering - Copying 76 resources from src\main\resources to target\classes
2025-03-03 13:26:35,917 [Worker-21: Building] INFO  o.a.m.s.f.DefaultMavenResourcesFiltering - skip non existing resourceDirectory C:\Users\HP\Desktop\cars\Auto_counsel\auto_counsel\src\test\resources
2025-03-03 13:27:31,819 [Worker-20: Building] INFO  o.a.m.s.f.DefaultMavenResourcesFiltering - Copying 1 resource from src\main\resources to target\classes
2025-03-03 13:27:31,845 [Worker-20: Building] INFO  o.a.m.s.f.DefaultMavenResourcesFiltering - Copying 76 resources from src\main\resources to target\classes
2025-03-03 13:27:31,924 [Worker-20: Building] INFO  o.a.m.s.f.DefaultMavenResourcesFiltering - skip non existing resourceDirectory C:\Users\HP\Desktop\cars\Auto_counsel\auto_counsel\src\test\resources
2025-03-03 13:28:06,835 [Worker-20: Building] INFO  o.a.m.s.f.DefaultMavenResourcesFiltering - Copying 1 resource from src\main\resources to target\classes
2025-03-03 13:28:06,847 [Worker-20: Building] INFO  o.a.m.s.f.DefaultMavenResourcesFiltering - Copying 76 resources from src\main\resources to target\classes
2025-03-03 13:28:06,912 [Worker-20: Building] INFO  o.a.m.s.f.DefaultMavenResourcesFiltering - skip non existing resourceDirectory C:\Users\HP\Desktop\cars\Auto_counsel\auto_counsel\src\test\resources
2025-03-03 13:28:41,544 [Worker-14: Building] INFO  o.a.m.s.f.DefaultMavenResourcesFiltering - Copying 1 resource from src\main\resources to target\classes
2025-03-03 13:28:41,563 [Worker-14: Building] INFO  o.a.m.s.f.DefaultMavenResourcesFiltering - Copying 76 resources from src\main\resources to target\classes
2025-03-03 13:28:41,623 [Worker-14: Building] INFO  o.a.m.s.f.DefaultMavenResourcesFiltering - skip non existing resourceDirectory C:\Users\HP\Desktop\cars\Auto_counsel\auto_counsel\src\test\resources
2025-03-03 13:47:16,196 [Worker-15: Building] INFO  o.a.m.s.f.DefaultMavenResourcesFiltering - Copying 1 resource from src\main\resources to target\classes
2025-03-03 13:47:16,218 [Worker-15: Building] INFO  o.a.m.s.f.DefaultMavenResourcesFiltering - Copying 76 resources from src\main\resources to target\classes
2025-03-03 13:47:16,299 [Worker-15: Building] INFO  o.a.m.s.f.DefaultMavenResourcesFiltering - skip non existing resourceDirectory C:\Users\HP\Desktop\cars\Auto_counsel\auto_counsel\src\test\resources
2025-03-03 15:02:51,576 [Worker-22: Building] INFO  o.a.m.s.f.DefaultMavenResourcesFiltering - Copying 1 resource from src\main\resources to target\classes
2025-03-03 15:02:51,704 [Worker-22: Building] INFO  o.a.m.s.f.DefaultMavenResourcesFiltering - Copying 76 resources from src\main\resources to target\classes
2025-03-03 15:02:51,773 [Worker-22: Building] INFO  o.a.m.s.f.DefaultMavenResourcesFiltering - skip non existing resourceDirectory C:\Users\HP\Desktop\cars\Auto_counsel\auto_counsel\src\test\resources
2025-03-03 15:05:22,243 [Worker-15: Building] INFO  o.a.m.s.f.DefaultMavenResourcesFiltering - Copying 1 resource from src\main\resources to target\classes
2025-03-03 15:05:22,267 [Worker-15: Building] INFO  o.a.m.s.f.DefaultMavenResourcesFiltering - Copying 76 resources from src\main\resources to target\classes
2025-03-03 15:05:22,345 [Worker-15: Building] INFO  o.a.m.s.f.DefaultMavenResourcesFiltering - skip non existing resourceDirectory C:\Users\HP\Desktop\cars\Auto_counsel\auto_counsel\src\test\resources
2025-03-03 15:17:01,522 [Worker-23: Building] INFO  o.a.m.s.f.DefaultMavenResourcesFiltering - Copying 1 resource from src\main\resources to target\classes
2025-03-03 15:17:01,571 [Worker-23: Building] INFO  o.a.m.s.f.DefaultMavenResourcesFiltering - Copying 76 resources from src\main\resources to target\classes
2025-03-03 15:17:01,618 [Worker-23: Building] INFO  o.a.m.s.f.DefaultMavenResourcesFiltering - skip non existing resourceDirectory C:\Users\HP\Desktop\cars\Auto_counsel\auto_counsel\src\test\resources
2025-03-03 15:51:07,186 [Worker-25: Building] INFO  o.a.m.s.f.DefaultMavenResourcesFiltering - Copying 1 resource from src\main\resources to target\classes
2025-03-03 15:51:07,236 [Worker-25: Building] INFO  o.a.m.s.f.DefaultMavenResourcesFiltering - Copying 76 resources from src\main\resources to target\classes
2025-03-03 15:51:07,274 [Worker-25: Building] INFO  o.a.m.s.f.DefaultMavenResourcesFiltering - skip non existing resourceDirectory C:\Users\HP\Desktop\cars\Auto_counsel\auto_counsel\src\test\resources
2025-03-03 16:00:19,580 [Worker-15: Building] INFO  o.a.m.s.f.DefaultMavenResourcesFiltering - Copying 1 resource from src\main\resources to target\classes
2025-03-03 16:00:19,604 [Worker-15: Building] INFO  o.a.m.s.f.DefaultMavenResourcesFiltering - Copying 76 resources from src\main\resources to target\classes
2025-03-03 16:00:19,650 [Worker-15: Building] INFO  o.a.m.s.f.DefaultMavenResourcesFiltering - skip non existing resourceDirectory C:\Users\HP\Desktop\cars\Auto_counsel\auto_counsel\src\test\resources
2025-03-03 16:00:36,832 [Worker-21: Building] INFO  o.a.m.s.f.DefaultMavenResourcesFiltering - Copying 1 resource from src\main\resources to target\classes
2025-03-03 16:00:36,854 [Worker-21: Building] INFO  o.a.m.s.f.DefaultMavenResourcesFiltering - Copying 76 resources from src\main\resources to target\classes
2025-03-03 16:00:36,913 [Worker-21: Building] INFO  o.a.m.s.f.DefaultMavenResourcesFiltering - skip non existing resourceDirectory C:\Users\HP\Desktop\cars\Auto_counsel\auto_counsel\src\test\resources
2025-03-03 16:02:46,917 [Worker-25: Building] INFO  o.a.m.s.f.DefaultMavenResourcesFiltering - Copying 1 resource from src\main\resources to target\classes
2025-03-03 16:02:46,950 [Worker-25: Building] INFO  o.a.m.s.f.DefaultMavenResourcesFiltering - Copying 76 resources from src\main\resources to target\classes
2025-03-03 16:02:46,982 [Worker-25: Building] INFO  o.a.m.s.f.DefaultMavenResourcesFiltering - skip non existing resourceDirectory C:\Users\HP\Desktop\cars\Auto_counsel\auto_counsel\src\test\resources
2025-03-03 16:03:47,584 [Worker-25: Building] INFO  o.a.m.s.f.DefaultMavenResourcesFiltering - Copying 1 resource from src\main\resources to target\classes
2025-03-03 16:03:47,601 [Worker-25: Building] INFO  o.a.m.s.f.DefaultMavenResourcesFiltering - Copying 76 resources from src\main\resources to target\classes
2025-03-03 16:03:47,642 [Worker-25: Building] INFO  o.a.m.s.f.DefaultMavenResourcesFiltering - skip non existing resourceDirectory C:\Users\HP\Desktop\cars\Auto_counsel\auto_counsel\src\test\resources
2025-03-03 16:04:24,658 [Worker-16: Building] INFO  o.a.m.s.f.DefaultMavenResourcesFiltering - Copying 1 resource from src\main\resources to target\classes
2025-03-03 16:04:24,687 [Worker-16: Building] INFO  o.a.m.s.f.DefaultMavenResourcesFiltering - Copying 76 resources from src\main\resources to target\classes
2025-03-03 16:04:24,729 [Worker-16: Building] INFO  o.a.m.s.f.DefaultMavenResourcesFiltering - skip non existing resourceDirectory C:\Users\HP\Desktop\cars\Auto_counsel\auto_counsel\src\test\resources
2025-03-03 17:36:20,957 [Worker-21: Building] INFO  o.a.m.s.f.DefaultMavenResourcesFiltering - Copying 1 resource from src\main\resources to target\classes
2025-03-03 17:36:21,043 [Worker-21: Building] INFO  o.a.m.s.f.DefaultMavenResourcesFiltering - Copying 76 resources from src\main\resources to target\classes
2025-03-03 17:36:21,095 [Worker-21: Building] INFO  o.a.m.s.f.DefaultMavenResourcesFiltering - skip non existing resourceDirectory C:\Users\HP\Desktop\cars\Auto_counsel\auto_counsel\src\test\resources
2025-03-03 17:37:12,536 [Worker-21: Building] INFO  o.a.m.s.f.DefaultMavenResourcesFiltering - Copying 1 resource from src\main\resources to target\classes
2025-03-03 17:37:12,552 [Worker-21: Building] INFO  o.a.m.s.f.DefaultMavenResourcesFiltering - Copying 76 resources from src\main\resources to target\classes
2025-03-03 17:37:12,604 [Worker-21: Building] INFO  o.a.m.s.f.DefaultMavenResourcesFiltering - skip non existing resourceDirectory C:\Users\HP\Desktop\cars\Auto_counsel\auto_counsel\src\test\resources
2025-03-03 17:38:53,272 [Worker-15: Building] INFO  o.a.m.s.f.DefaultMavenResourcesFiltering - Copying 1 resource from src\main\resources to target\classes
2025-03-03 17:38:53,299 [Worker-15: Building] INFO  o.a.m.s.f.DefaultMavenResourcesFiltering - Copying 76 resources from src\main\resources to target\classes
2025-03-03 17:38:53,381 [Worker-15: Building] INFO  o.a.m.s.f.DefaultMavenResourcesFiltering - skip non existing resourceDirectory C:\Users\HP\Desktop\cars\Auto_counsel\auto_counsel\src\test\resources
2025-03-03 17:39:11,085 [Worker-23: Building] INFO  o.a.m.s.f.DefaultMavenResourcesFiltering - Copying 1 resource from src\main\resources to target\classes
2025-03-03 17:39:11,110 [Worker-23: Building] INFO  o.a.m.s.f.DefaultMavenResourcesFiltering - Copying 76 resources from src\main\resources to target\classes
2025-03-03 17:39:11,163 [Worker-23: Building] INFO  o.a.m.s.f.DefaultMavenResourcesFiltering - skip non existing resourceDirectory C:\Users\HP\Desktop\cars\Auto_counsel\auto_counsel\src\test\resources
2025-03-03 17:39:25,924 [Worker-21: Building] INFO  o.a.m.s.f.DefaultMavenResourcesFiltering - Copying 1 resource from src\main\resources to target\classes
2025-03-03 17:39:25,944 [Worker-21: Building] INFO  o.a.m.s.f.DefaultMavenResourcesFiltering - Copying 76 resources from src\main\resources to target\classes
2025-03-03 17:39:26,015 [Worker-21: Building] INFO  o.a.m.s.f.DefaultMavenResourcesFiltering - skip non existing resourceDirectory C:\Users\HP\Desktop\cars\Auto_counsel\auto_counsel\src\test\resources
2025-03-03 17:40:30,396 [Worker-23: Building] INFO  o.a.m.s.f.DefaultMavenResourcesFiltering - Copying 1 resource from src\main\resources to target\classes
2025-03-03 17:40:30,422 [Worker-23: Building] INFO  o.a.m.s.f.DefaultMavenResourcesFiltering - Copying 76 resources from src\main\resources to target\classes
2025-03-03 17:40:30,472 [Worker-23: Building] INFO  o.a.m.s.f.DefaultMavenResourcesFiltering - skip non existing resourceDirectory C:\Users\HP\Desktop\cars\Auto_counsel\auto_counsel\src\test\resources
2025-03-03 17:43:06,772 [Worker-24: Building] INFO  o.a.m.s.f.DefaultMavenResourcesFiltering - Copying 1 resource from src\main\resources to target\classes
2025-03-03 17:43:06,793 [Worker-24: Building] INFO  o.a.m.s.f.DefaultMavenResourcesFiltering - Copying 76 resources from src\main\resources to target\classes
2025-03-03 17:43:06,839 [Worker-24: Building] INFO  o.a.m.s.f.DefaultMavenResourcesFiltering - skip non existing resourceDirectory C:\Users\HP\Desktop\cars\Auto_counsel\auto_counsel\src\test\resources
2025-03-03 17:54:04,473 [Worker-25: Building] INFO  o.a.m.s.f.DefaultMavenResourcesFiltering - Copying 1 resource from src\main\resources to target\classes
2025-03-03 17:54:04,501 [Worker-25: Building] INFO  o.a.m.s.f.DefaultMavenResourcesFiltering - Copying 76 resources from src\main\resources to target\classes
2025-03-03 17:54:04,561 [Worker-25: Building] INFO  o.a.m.s.f.DefaultMavenResourcesFiltering - skip non existing resourceDirectory C:\Users\HP\Desktop\cars\Auto_counsel\auto_counsel\src\test\resources
2025-03-03 17:54:10,301 [Worker-26: Building] INFO  o.a.m.s.f.DefaultMavenResourcesFiltering - Copying 1 resource from src\main\resources to target\classes
2025-03-03 17:54:10,325 [Worker-26: Building] INFO  o.a.m.s.f.DefaultMavenResourcesFiltering - Copying 76 resources from src\main\resources to target\classes
2025-03-03 17:54:10,372 [Worker-26: Building] INFO  o.a.m.s.f.DefaultMavenResourcesFiltering - skip non existing resourceDirectory C:\Users\HP\Desktop\cars\Auto_counsel\auto_counsel\src\test\resources
2025-03-03 17:55:00,970 [Worker-26: Building] INFO  o.a.m.s.f.DefaultMavenResourcesFiltering - Copying 1 resource from src\main\resources to target\classes
2025-03-03 17:55:01,005 [Worker-26: Building] INFO  o.a.m.s.f.DefaultMavenResourcesFiltering - Copying 76 resources from src\main\resources to target\classes
2025-03-03 17:55:01,055 [Worker-26: Building] INFO  o.a.m.s.f.DefaultMavenResourcesFiltering - skip non existing resourceDirectory C:\Users\HP\Desktop\cars\Auto_counsel\auto_counsel\src\test\resources
